# https://github.com/mikedh/trimesh
v -0.17000000 -0.07000000 0.00000000
v -0.17000000 -0.07000000 0.09000000
v -0.17000000 0.21000000 0.00000000
v -0.17000000 0.21000000 0.09000000
v -0.05000000 -0.07000000 0.00000000
v -0.05000000 -0.07000000 0.09000000
v -0.05000000 0.21000000 0.00000000
v -0.05000000 0.21000000 0.09000000
v 0.05000000 -0.07000000 0.00000000
v 0.05000000 -0.07000000 0.09000000
v 0.05000000 0.21000000 0.00000000
v 0.05000000 0.21000000 0.09000000
v 0.17000000 -0.07000000 0.00000000
v 0.17000000 -0.07000000 0.09000000
v 0.17000000 0.21000000 0.00000000
v 0.17000000 0.21000000 0.09000000
v -0.11000000 0.00000000 0.09000000
v -0.10046833 0.00000000 0.09065198
v -0.09111423 0.00000000 0.09259579
v -0.08211192 0.00000000 0.09579521
v -0.07362912 0.00000000 0.10019064
v -0.06582384 0.00000000 0.10570021
v -0.05884148 0.00000000 0.11222128
v -0.05281211 0.00000000 0.11963238
v -0.04784803 0.00000000 0.12779545
v -0.04404174 0.00000000 0.13655843
v -0.04146411 0.00000000 0.14575808
v -0.04016319 0.00000000 0.15522303
v -0.04016319 0.00000000 0.81477697
v -0.04146411 0.00000000 0.82424192
v -0.04404174 0.00000000 0.83344157
v -0.04784803 0.00000000 0.84220455
v -0.05281211 0.00000000 0.85036762
v -0.05884148 0.00000000 0.85777872
v -0.06582384 0.00000000 0.86429979
v -0.07362912 0.00000000 0.86980936
v -0.08211192 0.00000000 0.87420479
v -0.09111423 0.00000000 0.87740421
v -0.10046833 0.00000000 0.87934802
v -0.11000000 0.00000000 0.88000000
v -0.10079312 0.00246698 0.09065198
v -0.09175774 0.00488800 0.09259579
v -0.08306219 0.00721797 0.09579521
v -0.07486843 0.00941348 0.10019064
v -0.06732911 0.01143363 0.10570021
v -0.06058467 0.01324080 0.11222128
v -0.05476074 0.01480132 0.11963238
v -0.04996581 0.01608611 0.12779545
v -0.04628921 0.01707126 0.13655843
v -0.04379942 0.01773839 0.14575808
v -0.04254282 0.01807510 0.15522303
v -0.04254282 0.01807510 0.81477697
v -0.04379942 0.01773839 0.82424192
v -0.04628921 0.01707126 0.83344157
v -0.04996581 0.01608611 0.84220455
v -0.05476074 0.01480132 0.85036762
v -0.06058467 0.01324080 0.85777872
v -0.06732911 0.01143363 0.86429979
v -0.07486843 0.00941348 0.86980936
v -0.08306219 0.00721797 0.87420479
v -0.09175774 0.00488800 0.87740421
v -0.10079312 0.00246698 0.87934802
v -0.10174534 0.00476583 0.09065198
v -0.09364444 0.00944289 0.09259579
v -0.08584822 0.01394404 0.09579521
v -0.07850190 0.01818544 0.10019064
v -0.07174233 0.02208808 0.10570021
v -0.06569542 0.02557926 0.11222128
v -0.06047383 0.02859395 0.11963238
v -0.05617482 0.03107598 0.12779545
v -0.05287847 0.03297913 0.13655843
v -0.05064618 0.03426794 0.14575808
v -0.04951955 0.03491841 0.15522303
v -0.04951955 0.03491841 0.81477697
v -0.05064618 0.03426794 0.82424192
v -0.05287847 0.03297913 0.83344157
v -0.05617482 0.03107598 0.84220455
v -0.06047383 0.02859395 0.85036762
v -0.06569542 0.02557926 0.85777872
v -0.07174233 0.02208808 0.86429979
v -0.07850190 0.01818544 0.86980936
v -0.08584822 0.01394404 0.87420479
v -0.09364444 0.00944289 0.87740421
v -0.10174534 0.00476583 0.87934802
v -0.10326009 0.00673991 0.09065198
v -0.09664574 0.01335426 0.09259579
v -0.09028015 0.01971985 0.09579521
v -0.08428191 0.02571809 0.10019064
v -0.07876274 0.03123726 0.10570021
v -0.07382547 0.03617453 0.11222128
v -0.06956205 0.04043795 0.11963238
v -0.06605192 0.04394808 0.12779545
v -0.06336046 0.04663954 0.13655843
v -0.06153781 0.04846219 0.14575808
v -0.06061792 0.04938208 0.15522303
v -0.06061792 0.04938208 0.81477697
v -0.06153781 0.04846219 0.82424192
v -0.06336046 0.04663954 0.83344157
v -0.06605192 0.04394808 0.84220455
v -0.06956205 0.04043795 0.85036762
v -0.07382547 0.03617453 0.85777872
v -0.07876274 0.03123726 0.86429979
v -0.08428191 0.02571809 0.86980936
v -0.09028015 0.01971985 0.87420479
v -0.09664574 0.01335426 0.87740421
v -0.10326009 0.00673991 0.87934802
v -0.10523417 0.00825466 0.09065198
v -0.10055711 0.01635556 0.09259579
v -0.09605596 0.02415178 0.09579521
v -0.09181456 0.03149810 0.10019064
v -0.08791192 0.03825767 0.10570021
v -0.08442074 0.04430458 0.11222128
v -0.08140605 0.04952617 0.11963238
v -0.07892402 0.05382518 0.12779545
v -0.07702087 0.05712153 0.13655843
v -0.07573206 0.05935382 0.14575808
v -0.07508159 0.06048045 0.15522303
v -0.07508159 0.06048045 0.81477697
v -0.07573206 0.05935382 0.82424192
v -0.07702087 0.05712153 0.83344157
v -0.07892402 0.05382518 0.84220455
v -0.08140605 0.04952617 0.85036762
v -0.08442074 0.04430458 0.85777872
v -0.08791192 0.03825767 0.86429979
v -0.09181456 0.03149810 0.86980936
v -0.09605596 0.02415178 0.87420479
v -0.10055711 0.01635556 0.87740421
v -0.10523417 0.00825466 0.87934802
v -0.10753302 0.00920688 0.09065198
v -0.10511200 0.01824226 0.09259579
v -0.10278203 0.02693781 0.09579521
v -0.10058652 0.03513157 0.10019064
v -0.09856637 0.04267089 0.10570021
v -0.09675920 0.04941533 0.11222128
v -0.09519868 0.05523926 0.11963238
v -0.09391389 0.06003419 0.12779545
v -0.09292874 0.06371079 0.13655843
v -0.09226161 0.06620058 0.14575808
v -0.09192490 0.06745718 0.15522303
v -0.09192490 0.06745718 0.81477697
v -0.09226161 0.06620058 0.82424192
v -0.09292874 0.06371079 0.83344157
v -0.09391389 0.06003419 0.84220455
v -0.09519868 0.05523926 0.85036762
v -0.09675920 0.04941533 0.85777872
v -0.09856637 0.04267089 0.86429979
v -0.10058652 0.03513157 0.86980936
v -0.10278203 0.02693781 0.87420479
v -0.10511200 0.01824226 0.87740421
v -0.10753302 0.00920688 0.87934802
v -0.11000000 0.00953167 0.09065198
v -0.11000000 0.01888577 0.09259579
v -0.11000000 0.02788808 0.09579521
v -0.11000000 0.03637088 0.10019064
v -0.11000000 0.04417616 0.10570021
v -0.11000000 0.05115852 0.11222128
v -0.11000000 0.05718789 0.11963238
v -0.11000000 0.06215197 0.12779545
v -0.11000000 0.06595826 0.13655843
v -0.11000000 0.06853589 0.14575808
v -0.11000000 0.06983681 0.15522303
v -0.11000000 0.06983681 0.81477697
v -0.11000000 0.06853589 0.82424192
v -0.11000000 0.06595826 0.83344157
v -0.11000000 0.06215197 0.84220455
v -0.11000000 0.05718789 0.85036762
v -0.11000000 0.05115852 0.85777872
v -0.11000000 0.04417616 0.86429979
v -0.11000000 0.03637088 0.86980936
v -0.11000000 0.02788808 0.87420479
v -0.11000000 0.01888577 0.87740421
v -0.11000000 0.00953167 0.87934802
v -0.11246698 0.00920688 0.09065198
v -0.11488800 0.01824226 0.09259579
v -0.11721797 0.02693781 0.09579521
v -0.11941348 0.03513157 0.10019064
v -0.12143363 0.04267089 0.10570021
v -0.12324080 0.04941533 0.11222128
v -0.12480132 0.05523926 0.11963238
v -0.12608611 0.06003419 0.12779545
v -0.12707126 0.06371079 0.13655843
v -0.12773839 0.06620058 0.14575808
v -0.12807510 0.06745718 0.15522303
v -0.12807510 0.06745718 0.81477697
v -0.12773839 0.06620058 0.82424192
v -0.12707126 0.06371079 0.83344157
v -0.12608611 0.06003419 0.84220455
v -0.12480132 0.05523926 0.85036762
v -0.12324080 0.04941533 0.85777872
v -0.12143363 0.04267089 0.86429979
v -0.11941348 0.03513157 0.86980936
v -0.11721797 0.02693781 0.87420479
v -0.11488800 0.01824226 0.87740421
v -0.11246698 0.00920688 0.87934802
v -0.11476583 0.00825466 0.09065198
v -0.11944289 0.01635556 0.09259579
v -0.12394404 0.02415178 0.09579521
v -0.12818544 0.03149810 0.10019064
v -0.13208808 0.03825767 0.10570021
v -0.13557926 0.04430458 0.11222128
v -0.13859395 0.04952617 0.11963238
v -0.14107598 0.05382518 0.12779545
v -0.14297913 0.05712153 0.13655843
v -0.14426794 0.05935382 0.14575808
v -0.14491841 0.06048045 0.15522303
v -0.14491841 0.06048045 0.81477697
v -0.14426794 0.05935382 0.82424192
v -0.14297913 0.05712153 0.83344157
v -0.14107598 0.05382518 0.84220455
v -0.13859395 0.04952617 0.85036762
v -0.13557926 0.04430458 0.85777872
v -0.13208808 0.03825767 0.86429979
v -0.12818544 0.03149810 0.86980936
v -0.12394404 0.02415178 0.87420479
v -0.11944289 0.01635556 0.87740421
v -0.11476583 0.00825466 0.87934802
v -0.11673991 0.00673991 0.09065198
v -0.12335426 0.01335426 0.09259579
v -0.12971985 0.01971985 0.09579521
v -0.13571809 0.02571809 0.10019064
v -0.14123726 0.03123726 0.10570021
v -0.14617453 0.03617453 0.11222128
v -0.15043795 0.04043795 0.11963238
v -0.15394808 0.04394808 0.12779545
v -0.15663954 0.04663954 0.13655843
v -0.15846219 0.04846219 0.14575808
v -0.15938208 0.04938208 0.15522303
v -0.15938208 0.04938208 0.81477697
v -0.15846219 0.04846219 0.82424192
v -0.15663954 0.04663954 0.83344157
v -0.15394808 0.04394808 0.84220455
v -0.15043795 0.04043795 0.85036762
v -0.14617453 0.03617453 0.85777872
v -0.14123726 0.03123726 0.86429979
v -0.13571809 0.02571809 0.86980936
v -0.12971985 0.01971985 0.87420479
v -0.12335426 0.01335426 0.87740421
v -0.11673991 0.00673991 0.87934802
v -0.11825466 0.00476583 0.09065198
v -0.12635556 0.00944289 0.09259579
v -0.13415178 0.01394404 0.09579521
v -0.14149810 0.01818544 0.10019064
v -0.14825767 0.02208808 0.10570021
v -0.15430458 0.02557926 0.11222128
v -0.15952617 0.02859395 0.11963238
v -0.16382518 0.03107598 0.12779545
v -0.16712153 0.03297913 0.13655843
v -0.16935382 0.03426794 0.14575808
v -0.17048045 0.03491841 0.15522303
v -0.17048045 0.03491841 0.81477697
v -0.16935382 0.03426794 0.82424192
v -0.16712153 0.03297913 0.83344157
v -0.16382518 0.03107598 0.84220455
v -0.15952617 0.02859395 0.85036762
v -0.15430458 0.02557926 0.85777872
v -0.14825767 0.02208808 0.86429979
v -0.14149810 0.01818544 0.86980936
v -0.13415178 0.01394404 0.87420479
v -0.12635556 0.00944289 0.87740421
v -0.11825466 0.00476583 0.87934802
v -0.11920688 0.00246698 0.09065198
v -0.12824226 0.00488800 0.09259579
v -0.13693781 0.00721797 0.09579521
v -0.14513157 0.00941348 0.10019064
v -0.15267089 0.01143363 0.10570021
v -0.15941533 0.01324080 0.11222128
v -0.16523926 0.01480132 0.11963238
v -0.17003419 0.01608611 0.12779545
v -0.17371079 0.01707126 0.13655843
v -0.17620058 0.01773839 0.14575808
v -0.17745718 0.01807510 0.15522303
v -0.17745718 0.01807510 0.81477697
v -0.17620058 0.01773839 0.82424192
v -0.17371079 0.01707126 0.83344157
v -0.17003419 0.01608611 0.84220455
v -0.16523926 0.01480132 0.85036762
v -0.15941533 0.01324080 0.85777872
v -0.15267089 0.01143363 0.86429979
v -0.14513157 0.00941348 0.86980936
v -0.13693781 0.00721797 0.87420479
v -0.12824226 0.00488800 0.87740421
v -0.11920688 0.00246698 0.87934802
v -0.11953167 0.00000000 0.09065198
v -0.12888577 0.00000000 0.09259579
v -0.13788808 0.00000000 0.09579521
v -0.14637088 0.00000000 0.10019064
v -0.15417616 0.00000000 0.10570021
v -0.16115852 0.00000000 0.11222128
v -0.16718789 0.00000000 0.11963238
v -0.17215197 0.00000000 0.12779545
v -0.17595826 0.00000000 0.13655843
v -0.17853589 0.00000000 0.14575808
v -0.17983681 0.00000000 0.15522303
v -0.17983681 0.00000000 0.81477697
v -0.17853589 0.00000000 0.82424192
v -0.17595826 0.00000000 0.83344157
v -0.17215197 0.00000000 0.84220455
v -0.16718789 0.00000000 0.85036762
v -0.16115852 0.00000000 0.85777872
v -0.15417616 0.00000000 0.86429979
v -0.14637088 0.00000000 0.86980936
v -0.13788808 0.00000000 0.87420479
v -0.12888577 0.00000000 0.87740421
v -0.11953167 0.00000000 0.87934802
v -0.11920688 -0.00246698 0.09065198
v -0.12824226 -0.00488800 0.09259579
v -0.13693781 -0.00721797 0.09579521
v -0.14513157 -0.00941348 0.10019064
v -0.15267089 -0.01143363 0.10570021
v -0.15941533 -0.01324080 0.11222128
v -0.16523926 -0.01480132 0.11963238
v -0.17003419 -0.01608611 0.12779545
v -0.17371079 -0.01707126 0.13655843
v -0.17620058 -0.01773839 0.14575808
v -0.17745718 -0.01807510 0.15522303
v -0.17745718 -0.01807510 0.81477697
v -0.17620058 -0.01773839 0.82424192
v -0.17371079 -0.01707126 0.83344157
v -0.17003419 -0.01608611 0.84220455
v -0.16523926 -0.01480132 0.85036762
v -0.15941533 -0.01324080 0.85777872
v -0.15267089 -0.01143363 0.86429979
v -0.14513157 -0.00941348 0.86980936
v -0.13693781 -0.00721797 0.87420479
v -0.12824226 -0.00488800 0.87740421
v -0.11920688 -0.00246698 0.87934802
v -0.11825466 -0.00476583 0.09065198
v -0.12635556 -0.00944289 0.09259579
v -0.13415178 -0.01394404 0.09579521
v -0.14149810 -0.01818544 0.10019064
v -0.14825767 -0.02208808 0.10570021
v -0.15430458 -0.02557926 0.11222128
v -0.15952617 -0.02859395 0.11963238
v -0.16382518 -0.03107598 0.12779545
v -0.16712153 -0.03297913 0.13655843
v -0.16935382 -0.03426794 0.14575808
v -0.17048045 -0.03491841 0.15522303
v -0.17048045 -0.03491841 0.81477697
v -0.16935382 -0.03426794 0.82424192
v -0.16712153 -0.03297913 0.83344157
v -0.16382518 -0.03107598 0.84220455
v -0.15952617 -0.02859395 0.85036762
v -0.15430458 -0.02557926 0.85777872
v -0.14825767 -0.02208808 0.86429979
v -0.14149810 -0.01818544 0.86980936
v -0.13415178 -0.01394404 0.87420479
v -0.12635556 -0.00944289 0.87740421
v -0.11825466 -0.00476583 0.87934802
v -0.11673991 -0.00673991 0.09065198
v -0.12335426 -0.01335426 0.09259579
v -0.12971985 -0.01971985 0.09579521
v -0.13571809 -0.02571809 0.10019064
v -0.14123726 -0.03123726 0.10570021
v -0.14617453 -0.03617453 0.11222128
v -0.15043795 -0.04043795 0.11963238
v -0.15394808 -0.04394808 0.12779545
v -0.15663954 -0.04663954 0.13655843
v -0.15846219 -0.04846219 0.14575808
v -0.15938208 -0.04938208 0.15522303
v -0.15938208 -0.04938208 0.81477697
v -0.15846219 -0.04846219 0.82424192
v -0.15663954 -0.04663954 0.83344157
v -0.15394808 -0.04394808 0.84220455
v -0.15043795 -0.04043795 0.85036762
v -0.14617453 -0.03617453 0.85777872
v -0.14123726 -0.03123726 0.86429979
v -0.13571809 -0.02571809 0.86980936
v -0.12971985 -0.01971985 0.87420479
v -0.12335426 -0.01335426 0.87740421
v -0.11673991 -0.00673991 0.87934802
v -0.11476583 -0.00825466 0.09065198
v -0.11944289 -0.01635556 0.09259579
v -0.12394404 -0.02415178 0.09579521
v -0.12818544 -0.03149810 0.10019064
v -0.13208808 -0.03825767 0.10570021
v -0.13557926 -0.04430458 0.11222128
v -0.13859395 -0.04952617 0.11963238
v -0.14107598 -0.05382518 0.12779545
v -0.14297913 -0.05712153 0.13655843
v -0.14426794 -0.05935382 0.14575808
v -0.14491841 -0.06048045 0.15522303
v -0.14491841 -0.06048045 0.81477697
v -0.14426794 -0.05935382 0.82424192
v -0.14297913 -0.05712153 0.83344157
v -0.14107598 -0.05382518 0.84220455
v -0.13859395 -0.04952617 0.85036762
v -0.13557926 -0.04430458 0.85777872
v -0.13208808 -0.03825767 0.86429979
v -0.12818544 -0.03149810 0.86980936
v -0.12394404 -0.02415178 0.87420479
v -0.11944289 -0.01635556 0.87740421
v -0.11476583 -0.00825466 0.87934802
v -0.11246698 -0.00920688 0.09065198
v -0.11488800 -0.01824226 0.09259579
v -0.11721797 -0.02693781 0.09579521
v -0.11941348 -0.03513157 0.10019064
v -0.12143363 -0.04267089 0.10570021
v -0.12324080 -0.04941533 0.11222128
v -0.12480132 -0.05523926 0.11963238
v -0.12608611 -0.06003419 0.12779545
v -0.12707126 -0.06371079 0.13655843
v -0.12773839 -0.06620058 0.14575808
v -0.12807510 -0.06745718 0.15522303
v -0.12807510 -0.06745718 0.81477697
v -0.12773839 -0.06620058 0.82424192
v -0.12707126 -0.06371079 0.83344157
v -0.12608611 -0.06003419 0.84220455
v -0.12480132 -0.05523926 0.85036762
v -0.12324080 -0.04941533 0.85777872
v -0.12143363 -0.04267089 0.86429979
v -0.11941348 -0.03513157 0.86980936
v -0.11721797 -0.02693781 0.87420479
v -0.11488800 -0.01824226 0.87740421
v -0.11246698 -0.00920688 0.87934802
v -0.11000000 -0.00953167 0.09065198
v -0.11000000 -0.01888577 0.09259579
v -0.11000000 -0.02788808 0.09579521
v -0.11000000 -0.03637088 0.10019064
v -0.11000000 -0.04417616 0.10570021
v -0.11000000 -0.05115852 0.11222128
v -0.11000000 -0.05718789 0.11963238
v -0.11000000 -0.06215197 0.12779545
v -0.11000000 -0.06595826 0.13655843
v -0.11000000 -0.06853589 0.14575808
v -0.11000000 -0.06983681 0.15522303
v -0.11000000 -0.06983681 0.81477697
v -0.11000000 -0.06853589 0.82424192
v -0.11000000 -0.06595826 0.83344157
v -0.11000000 -0.06215197 0.84220455
v -0.11000000 -0.05718789 0.85036762
v -0.11000000 -0.05115852 0.85777872
v -0.11000000 -0.04417616 0.86429979
v -0.11000000 -0.03637088 0.86980936
v -0.11000000 -0.02788808 0.87420479
v -0.11000000 -0.01888577 0.87740421
v -0.11000000 -0.00953167 0.87934802
v -0.10753302 -0.00920688 0.09065198
v -0.10511200 -0.01824226 0.09259579
v -0.10278203 -0.02693781 0.09579521
v -0.10058652 -0.03513157 0.10019064
v -0.09856637 -0.04267089 0.10570021
v -0.09675920 -0.04941533 0.11222128
v -0.09519868 -0.05523926 0.11963238
v -0.09391389 -0.06003419 0.12779545
v -0.09292874 -0.06371079 0.13655843
v -0.09226161 -0.06620058 0.14575808
v -0.09192490 -0.06745718 0.15522303
v -0.09192490 -0.06745718 0.81477697
v -0.09226161 -0.06620058 0.82424192
v -0.09292874 -0.06371079 0.83344157
v -0.09391389 -0.06003419 0.84220455
v -0.09519868 -0.05523926 0.85036762
v -0.09675920 -0.04941533 0.85777872
v -0.09856637 -0.04267089 0.86429979
v -0.10058652 -0.03513157 0.86980936
v -0.10278203 -0.02693781 0.87420479
v -0.10511200 -0.01824226 0.87740421
v -0.10753302 -0.00920688 0.87934802
v -0.10523417 -0.00825466 0.09065198
v -0.10055711 -0.01635556 0.09259579
v -0.09605596 -0.02415178 0.09579521
v -0.09181456 -0.03149810 0.10019064
v -0.08791192 -0.03825767 0.10570021
v -0.08442074 -0.04430458 0.11222128
v -0.08140605 -0.04952617 0.11963238
v -0.07892402 -0.05382518 0.12779545
v -0.07702087 -0.05712153 0.13655843
v -0.07573206 -0.05935382 0.14575808
v -0.07508159 -0.06048045 0.15522303
v -0.07508159 -0.06048045 0.81477697
v -0.07573206 -0.05935382 0.82424192
v -0.07702087 -0.05712153 0.83344157
v -0.07892402 -0.05382518 0.84220455
v -0.08140605 -0.04952617 0.85036762
v -0.08442074 -0.04430458 0.85777872
v -0.08791192 -0.03825767 0.86429979
v -0.09181456 -0.03149810 0.86980936
v -0.09605596 -0.02415178 0.87420479
v -0.10055711 -0.01635556 0.87740421
v -0.10523417 -0.00825466 0.87934802
v -0.10326009 -0.00673991 0.09065198
v -0.09664574 -0.01335426 0.09259579
v -0.09028015 -0.01971985 0.09579521
v -0.08428191 -0.02571809 0.10019064
v -0.07876274 -0.03123726 0.10570021
v -0.07382547 -0.03617453 0.11222128
v -0.06956205 -0.04043795 0.11963238
v -0.06605192 -0.04394808 0.12779545
v -0.06336046 -0.04663954 0.13655843
v -0.06153781 -0.04846219 0.14575808
v -0.06061792 -0.04938208 0.15522303
v -0.06061792 -0.04938208 0.81477697
v -0.06153781 -0.04846219 0.82424192
v -0.06336046 -0.04663954 0.83344157
v -0.06605192 -0.04394808 0.84220455
v -0.06956205 -0.04043795 0.85036762
v -0.07382547 -0.03617453 0.85777872
v -0.07876274 -0.03123726 0.86429979
v -0.08428191 -0.02571809 0.86980936
v -0.09028015 -0.01971985 0.87420479
v -0.09664574 -0.01335426 0.87740421
v -0.10326009 -0.00673991 0.87934802
v -0.10174534 -0.00476583 0.09065198
v -0.09364444 -0.00944289 0.09259579
v -0.08584822 -0.01394404 0.09579521
v -0.07850190 -0.01818544 0.10019064
v -0.07174233 -0.02208808 0.10570021
v -0.06569542 -0.02557926 0.11222128
v -0.06047383 -0.02859395 0.11963238
v -0.05617482 -0.03107598 0.12779545
v -0.05287847 -0.03297913 0.13655843
v -0.05064618 -0.03426794 0.14575808
v -0.04951955 -0.03491841 0.15522303
v -0.04951955 -0.03491841 0.81477697
v -0.05064618 -0.03426794 0.82424192
v -0.05287847 -0.03297913 0.83344157
v -0.05617482 -0.03107598 0.84220455
v -0.06047383 -0.02859395 0.85036762
v -0.06569542 -0.02557926 0.85777872
v -0.07174233 -0.02208808 0.86429979
v -0.07850190 -0.01818544 0.86980936
v -0.08584822 -0.01394404 0.87420479
v -0.09364444 -0.00944289 0.87740421
v -0.10174534 -0.00476583 0.87934802
v -0.10079312 -0.00246698 0.09065198
v -0.09175774 -0.00488800 0.09259579
v -0.08306219 -0.00721797 0.09579521
v -0.07486843 -0.00941348 0.10019064
v -0.06732911 -0.01143363 0.10570021
v -0.06058467 -0.01324080 0.11222128
v -0.05476074 -0.01480132 0.11963238
v -0.04996581 -0.01608611 0.12779545
v -0.04628921 -0.01707126 0.13655843
v -0.04379942 -0.01773839 0.14575808
v -0.04254282 -0.01807510 0.15522303
v -0.04254282 -0.01807510 0.81477697
v -0.04379942 -0.01773839 0.82424192
v -0.04628921 -0.01707126 0.83344157
v -0.04996581 -0.01608611 0.84220455
v -0.05476074 -0.01480132 0.85036762
v -0.06058467 -0.01324080 0.85777872
v -0.06732911 -0.01143363 0.86429979
v -0.07486843 -0.00941348 0.86980936
v -0.08306219 -0.00721797 0.87420479
v -0.09175774 -0.00488800 0.87740421
v -0.10079312 -0.00246698 0.87934802
v 0.11000000 0.00000000 0.09000000
v 0.11953167 0.00000000 0.09065198
v 0.12888577 0.00000000 0.09259579
v 0.13788808 0.00000000 0.09579521
v 0.14637088 0.00000000 0.10019064
v 0.15417616 0.00000000 0.10570021
v 0.16115852 0.00000000 0.11222128
v 0.16718789 0.00000000 0.11963238
v 0.17215197 0.00000000 0.12779545
v 0.17595826 0.00000000 0.13655843
v 0.17853589 0.00000000 0.14575808
v 0.17983681 0.00000000 0.15522303
v 0.17983681 0.00000000 0.81477697
v 0.17853589 0.00000000 0.82424192
v 0.17595826 0.00000000 0.83344157
v 0.17215197 0.00000000 0.84220455
v 0.16718789 0.00000000 0.85036762
v 0.16115852 0.00000000 0.85777872
v 0.15417616 0.00000000 0.86429979
v 0.14637088 0.00000000 0.86980936
v 0.13788808 0.00000000 0.87420479
v 0.12888577 0.00000000 0.87740421
v 0.11953167 0.00000000 0.87934802
v 0.11000000 0.00000000 0.88000000
v 0.11920688 0.00246698 0.09065198
v 0.12824226 0.00488800 0.09259579
v 0.13693781 0.00721797 0.09579521
v 0.14513157 0.00941348 0.10019064
v 0.15267089 0.01143363 0.10570021
v 0.15941533 0.01324080 0.11222128
v 0.16523926 0.01480132 0.11963238
v 0.17003419 0.01608611 0.12779545
v 0.17371079 0.01707126 0.13655843
v 0.17620058 0.01773839 0.14575808
v 0.17745718 0.01807510 0.15522303
v 0.17745718 0.01807510 0.81477697
v 0.17620058 0.01773839 0.82424192
v 0.17371079 0.01707126 0.83344157
v 0.17003419 0.01608611 0.84220455
v 0.16523926 0.01480132 0.85036762
v 0.15941533 0.01324080 0.85777872
v 0.15267089 0.01143363 0.86429979
v 0.14513157 0.00941348 0.86980936
v 0.13693781 0.00721797 0.87420479
v 0.12824226 0.00488800 0.87740421
v 0.11920688 0.00246698 0.87934802
v 0.11825466 0.00476583 0.09065198
v 0.12635556 0.00944289 0.09259579
v 0.13415178 0.01394404 0.09579521
v 0.14149810 0.01818544 0.10019064
v 0.14825767 0.02208808 0.10570021
v 0.15430458 0.02557926 0.11222128
v 0.15952617 0.02859395 0.11963238
v 0.16382518 0.03107598 0.12779545
v 0.16712153 0.03297913 0.13655843
v 0.16935382 0.03426794 0.14575808
v 0.17048045 0.03491841 0.15522303
v 0.17048045 0.03491841 0.81477697
v 0.16935382 0.03426794 0.82424192
v 0.16712153 0.03297913 0.83344157
v 0.16382518 0.03107598 0.84220455
v 0.15952617 0.02859395 0.85036762
v 0.15430458 0.02557926 0.85777872
v 0.14825767 0.02208808 0.86429979
v 0.14149810 0.01818544 0.86980936
v 0.13415178 0.01394404 0.87420479
v 0.12635556 0.00944289 0.87740421
v 0.11825466 0.00476583 0.87934802
v 0.11673991 0.00673991 0.09065198
v 0.12335426 0.01335426 0.09259579
v 0.12971985 0.01971985 0.09579521
v 0.13571809 0.02571809 0.10019064
v 0.14123726 0.03123726 0.10570021
v 0.14617453 0.03617453 0.11222128
v 0.15043795 0.04043795 0.11963238
v 0.15394808 0.04394808 0.12779545
v 0.15663954 0.04663954 0.13655843
v 0.15846219 0.04846219 0.14575808
v 0.15938208 0.04938208 0.15522303
v 0.15938208 0.04938208 0.81477697
v 0.15846219 0.04846219 0.82424192
v 0.15663954 0.04663954 0.83344157
v 0.15394808 0.04394808 0.84220455
v 0.15043795 0.04043795 0.85036762
v 0.14617453 0.03617453 0.85777872
v 0.14123726 0.03123726 0.86429979
v 0.13571809 0.02571809 0.86980936
v 0.12971985 0.01971985 0.87420479
v 0.12335426 0.01335426 0.87740421
v 0.11673991 0.00673991 0.87934802
v 0.11476583 0.00825466 0.09065198
v 0.11944289 0.01635556 0.09259579
v 0.12394404 0.02415178 0.09579521
v 0.12818544 0.03149810 0.10019064
v 0.13208808 0.03825767 0.10570021
v 0.13557926 0.04430458 0.11222128
v 0.13859395 0.04952617 0.11963238
v 0.14107598 0.05382518 0.12779545
v 0.14297913 0.05712153 0.13655843
v 0.14426794 0.05935382 0.14575808
v 0.14491841 0.06048045 0.15522303
v 0.14491841 0.06048045 0.81477697
v 0.14426794 0.05935382 0.82424192
v 0.14297913 0.05712153 0.83344157
v 0.14107598 0.05382518 0.84220455
v 0.13859395 0.04952617 0.85036762
v 0.13557926 0.04430458 0.85777872
v 0.13208808 0.03825767 0.86429979
v 0.12818544 0.03149810 0.86980936
v 0.12394404 0.02415178 0.87420479
v 0.11944289 0.01635556 0.87740421
v 0.11476583 0.00825466 0.87934802
v 0.11246698 0.00920688 0.09065198
v 0.11488800 0.01824226 0.09259579
v 0.11721797 0.02693781 0.09579521
v 0.11941348 0.03513157 0.10019064
v 0.12143363 0.04267089 0.10570021
v 0.12324080 0.04941533 0.11222128
v 0.12480132 0.05523926 0.11963238
v 0.12608611 0.06003419 0.12779545
v 0.12707126 0.06371079 0.13655843
v 0.12773839 0.06620058 0.14575808
v 0.12807510 0.06745718 0.15522303
v 0.12807510 0.06745718 0.81477697
v 0.12773839 0.06620058 0.82424192
v 0.12707126 0.06371079 0.83344157
v 0.12608611 0.06003419 0.84220455
v 0.12480132 0.05523926 0.85036762
v 0.12324080 0.04941533 0.85777872
v 0.12143363 0.04267089 0.86429979
v 0.11941348 0.03513157 0.86980936
v 0.11721797 0.02693781 0.87420479
v 0.11488800 0.01824226 0.87740421
v 0.11246698 0.00920688 0.87934802
v 0.11000000 0.00953167 0.09065198
v 0.11000000 0.01888577 0.09259579
v 0.11000000 0.02788808 0.09579521
v 0.11000000 0.03637088 0.10019064
v 0.11000000 0.04417616 0.10570021
v 0.11000000 0.05115852 0.11222128
v 0.11000000 0.05718789 0.11963238
v 0.11000000 0.06215197 0.12779545
v 0.11000000 0.06595826 0.13655843
v 0.11000000 0.06853589 0.14575808
v 0.11000000 0.06983681 0.15522303
v 0.11000000 0.06983681 0.81477697
v 0.11000000 0.06853589 0.82424192
v 0.11000000 0.06595826 0.83344157
v 0.11000000 0.06215197 0.84220455
v 0.11000000 0.05718789 0.85036762
v 0.11000000 0.05115852 0.85777872
v 0.11000000 0.04417616 0.86429979
v 0.11000000 0.03637088 0.86980936
v 0.11000000 0.02788808 0.87420479
v 0.11000000 0.01888577 0.87740421
v 0.11000000 0.00953167 0.87934802
v 0.10753302 0.00920688 0.09065198
v 0.10511200 0.01824226 0.09259579
v 0.10278203 0.02693781 0.09579521
v 0.10058652 0.03513157 0.10019064
v 0.09856637 0.04267089 0.10570021
v 0.09675920 0.04941533 0.11222128
v 0.09519868 0.05523926 0.11963238
v 0.09391389 0.06003419 0.12779545
v 0.09292874 0.06371079 0.13655843
v 0.09226161 0.06620058 0.14575808
v 0.09192490 0.06745718 0.15522303
v 0.09192490 0.06745718 0.81477697
v 0.09226161 0.06620058 0.82424192
v 0.09292874 0.06371079 0.83344157
v 0.09391389 0.06003419 0.84220455
v 0.09519868 0.05523926 0.85036762
v 0.09675920 0.04941533 0.85777872
v 0.09856637 0.04267089 0.86429979
v 0.10058652 0.03513157 0.86980936
v 0.10278203 0.02693781 0.87420479
v 0.10511200 0.01824226 0.87740421
v 0.10753302 0.00920688 0.87934802
v 0.10523417 0.00825466 0.09065198
v 0.10055711 0.01635556 0.09259579
v 0.09605596 0.02415178 0.09579521
v 0.09181456 0.03149810 0.10019064
v 0.08791192 0.03825767 0.10570021
v 0.08442074 0.04430458 0.11222128
v 0.08140605 0.04952617 0.11963238
v 0.07892402 0.05382518 0.12779545
v 0.07702087 0.05712153 0.13655843
v 0.07573206 0.05935382 0.14575808
v 0.07508159 0.06048045 0.15522303
v 0.07508159 0.06048045 0.81477697
v 0.07573206 0.05935382 0.82424192
v 0.07702087 0.05712153 0.83344157
v 0.07892402 0.05382518 0.84220455
v 0.08140605 0.04952617 0.85036762
v 0.08442074 0.04430458 0.85777872
v 0.08791192 0.03825767 0.86429979
v 0.09181456 0.03149810 0.86980936
v 0.09605596 0.02415178 0.87420479
v 0.10055711 0.01635556 0.87740421
v 0.10523417 0.00825466 0.87934802
v 0.10326009 0.00673991 0.09065198
v 0.09664574 0.01335426 0.09259579
v 0.09028015 0.01971985 0.09579521
v 0.08428191 0.02571809 0.10019064
v 0.07876274 0.03123726 0.10570021
v 0.07382547 0.03617453 0.11222128
v 0.06956205 0.04043795 0.11963238
v 0.06605192 0.04394808 0.12779545
v 0.06336046 0.04663954 0.13655843
v 0.06153781 0.04846219 0.14575808
v 0.06061792 0.04938208 0.15522303
v 0.06061792 0.04938208 0.81477697
v 0.06153781 0.04846219 0.82424192
v 0.06336046 0.04663954 0.83344157
v 0.06605192 0.04394808 0.84220455
v 0.06956205 0.04043795 0.85036762
v 0.07382547 0.03617453 0.85777872
v 0.07876274 0.03123726 0.86429979
v 0.08428191 0.02571809 0.86980936
v 0.09028015 0.01971985 0.87420479
v 0.09664574 0.01335426 0.87740421
v 0.10326009 0.00673991 0.87934802
v 0.10174534 0.00476583 0.09065198
v 0.09364444 0.00944289 0.09259579
v 0.08584822 0.01394404 0.09579521
v 0.07850190 0.01818544 0.10019064
v 0.07174233 0.02208808 0.10570021
v 0.06569542 0.02557926 0.11222128
v 0.06047383 0.02859395 0.11963238
v 0.05617482 0.03107598 0.12779545
v 0.05287847 0.03297913 0.13655843
v 0.05064618 0.03426794 0.14575808
v 0.04951955 0.03491841 0.15522303
v 0.04951955 0.03491841 0.81477697
v 0.05064618 0.03426794 0.82424192
v 0.05287847 0.03297913 0.83344157
v 0.05617482 0.03107598 0.84220455
v 0.06047383 0.02859395 0.85036762
v 0.06569542 0.02557926 0.85777872
v 0.07174233 0.02208808 0.86429979
v 0.07850190 0.01818544 0.86980936
v 0.08584822 0.01394404 0.87420479
v 0.09364444 0.00944289 0.87740421
v 0.10174534 0.00476583 0.87934802
v 0.10079312 0.00246698 0.09065198
v 0.09175774 0.00488800 0.09259579
v 0.08306219 0.00721797 0.09579521
v 0.07486843 0.00941348 0.10019064
v 0.06732911 0.01143363 0.10570021
v 0.06058467 0.01324080 0.11222128
v 0.05476074 0.01480132 0.11963238
v 0.04996581 0.01608611 0.12779545
v 0.04628921 0.01707126 0.13655843
v 0.04379942 0.01773839 0.14575808
v 0.04254282 0.01807510 0.15522303
v 0.04254282 0.01807510 0.81477697
v 0.04379942 0.01773839 0.82424192
v 0.04628921 0.01707126 0.83344157
v 0.04996581 0.01608611 0.84220455
v 0.05476074 0.01480132 0.85036762
v 0.06058467 0.01324080 0.85777872
v 0.06732911 0.01143363 0.86429979
v 0.07486843 0.00941348 0.86980936
v 0.08306219 0.00721797 0.87420479
v 0.09175774 0.00488800 0.87740421
v 0.10079312 0.00246698 0.87934802
v 0.10046833 0.00000000 0.09065198
v 0.09111423 0.00000000 0.09259579
v 0.08211192 0.00000000 0.09579521
v 0.07362912 0.00000000 0.10019064
v 0.06582384 0.00000000 0.10570021
v 0.05884148 0.00000000 0.11222128
v 0.05281211 0.00000000 0.11963238
v 0.04784803 0.00000000 0.12779545
v 0.04404174 0.00000000 0.13655843
v 0.04146411 0.00000000 0.14575808
v 0.04016319 0.00000000 0.15522303
v 0.04016319 0.00000000 0.81477697
v 0.04146411 0.00000000 0.82424192
v 0.04404174 0.00000000 0.83344157
v 0.04784803 0.00000000 0.84220455
v 0.05281211 0.00000000 0.85036762
v 0.05884148 0.00000000 0.85777872
v 0.06582384 0.00000000 0.86429979
v 0.07362912 0.00000000 0.86980936
v 0.08211192 0.00000000 0.87420479
v 0.09111423 0.00000000 0.87740421
v 0.10046833 0.00000000 0.87934802
v 0.10079312 -0.00246698 0.09065198
v 0.09175774 -0.00488800 0.09259579
v 0.08306219 -0.00721797 0.09579521
v 0.07486843 -0.00941348 0.10019064
v 0.06732911 -0.01143363 0.10570021
v 0.06058467 -0.01324080 0.11222128
v 0.05476074 -0.01480132 0.11963238
v 0.04996581 -0.01608611 0.12779545
v 0.04628921 -0.01707126 0.13655843
v 0.04379942 -0.01773839 0.14575808
v 0.04254282 -0.01807510 0.15522303
v 0.04254282 -0.01807510 0.81477697
v 0.04379942 -0.01773839 0.82424192
v 0.04628921 -0.01707126 0.83344157
v 0.04996581 -0.01608611 0.84220455
v 0.05476074 -0.01480132 0.85036762
v 0.06058467 -0.01324080 0.85777872
v 0.06732911 -0.01143363 0.86429979
v 0.07486843 -0.00941348 0.86980936
v 0.08306219 -0.00721797 0.87420479
v 0.09175774 -0.00488800 0.87740421
v 0.10079312 -0.00246698 0.87934802
v 0.10174534 -0.00476583 0.09065198
v 0.09364444 -0.00944289 0.09259579
v 0.08584822 -0.01394404 0.09579521
v 0.07850190 -0.01818544 0.10019064
v 0.07174233 -0.02208808 0.10570021
v 0.06569542 -0.02557926 0.11222128
v 0.06047383 -0.02859395 0.11963238
v 0.05617482 -0.03107598 0.12779545
v 0.05287847 -0.03297913 0.13655843
v 0.05064618 -0.03426794 0.14575808
v 0.04951955 -0.03491841 0.15522303
v 0.04951955 -0.03491841 0.81477697
v 0.05064618 -0.03426794 0.82424192
v 0.05287847 -0.03297913 0.83344157
v 0.05617482 -0.03107598 0.84220455
v 0.06047383 -0.02859395 0.85036762
v 0.06569542 -0.02557926 0.85777872
v 0.07174233 -0.02208808 0.86429979
v 0.07850190 -0.01818544 0.86980936
v 0.08584822 -0.01394404 0.87420479
v 0.09364444 -0.00944289 0.87740421
v 0.10174534 -0.00476583 0.87934802
v 0.10326009 -0.00673991 0.09065198
v 0.09664574 -0.01335426 0.09259579
v 0.09028015 -0.01971985 0.09579521
v 0.08428191 -0.02571809 0.10019064
v 0.07876274 -0.03123726 0.10570021
v 0.07382547 -0.03617453 0.11222128
v 0.06956205 -0.04043795 0.11963238
v 0.06605192 -0.04394808 0.12779545
v 0.06336046 -0.04663954 0.13655843
v 0.06153781 -0.04846219 0.14575808
v 0.06061792 -0.04938208 0.15522303
v 0.06061792 -0.04938208 0.81477697
v 0.06153781 -0.04846219 0.82424192
v 0.06336046 -0.04663954 0.83344157
v 0.06605192 -0.04394808 0.84220455
v 0.06956205 -0.04043795 0.85036762
v 0.07382547 -0.03617453 0.85777872
v 0.07876274 -0.03123726 0.86429979
v 0.08428191 -0.02571809 0.86980936
v 0.09028015 -0.01971985 0.87420479
v 0.09664574 -0.01335426 0.87740421
v 0.10326009 -0.00673991 0.87934802
v 0.10523417 -0.00825466 0.09065198
v 0.10055711 -0.01635556 0.09259579
v 0.09605596 -0.02415178 0.09579521
v 0.09181456 -0.03149810 0.10019064
v 0.08791192 -0.03825767 0.10570021
v 0.08442074 -0.04430458 0.11222128
v 0.08140605 -0.04952617 0.11963238
v 0.07892402 -0.05382518 0.12779545
v 0.07702087 -0.05712153 0.13655843
v 0.07573206 -0.05935382 0.14575808
v 0.07508159 -0.06048045 0.15522303
v 0.07508159 -0.06048045 0.81477697
v 0.07573206 -0.05935382 0.82424192
v 0.07702087 -0.05712153 0.83344157
v 0.07892402 -0.05382518 0.84220455
v 0.08140605 -0.04952617 0.85036762
v 0.08442074 -0.04430458 0.85777872
v 0.08791192 -0.03825767 0.86429979
v 0.09181456 -0.03149810 0.86980936
v 0.09605596 -0.02415178 0.87420479
v 0.10055711 -0.01635556 0.87740421
v 0.10523417 -0.00825466 0.87934802
v 0.10753302 -0.00920688 0.09065198
v 0.10511200 -0.01824226 0.09259579
v 0.10278203 -0.02693781 0.09579521
v 0.10058652 -0.03513157 0.10019064
v 0.09856637 -0.04267089 0.10570021
v 0.09675920 -0.04941533 0.11222128
v 0.09519868 -0.05523926 0.11963238
v 0.09391389 -0.06003419 0.12779545
v 0.09292874 -0.06371079 0.13655843
v 0.09226161 -0.06620058 0.14575808
v 0.09192490 -0.06745718 0.15522303
v 0.09192490 -0.06745718 0.81477697
v 0.09226161 -0.06620058 0.82424192
v 0.09292874 -0.06371079 0.83344157
v 0.09391389 -0.06003419 0.84220455
v 0.09519868 -0.05523926 0.85036762
v 0.09675920 -0.04941533 0.85777872
v 0.09856637 -0.04267089 0.86429979
v 0.10058652 -0.03513157 0.86980936
v 0.10278203 -0.02693781 0.87420479
v 0.10511200 -0.01824226 0.87740421
v 0.10753302 -0.00920688 0.87934802
v 0.11000000 -0.00953167 0.09065198
v 0.11000000 -0.01888577 0.09259579
v 0.11000000 -0.02788808 0.09579521
v 0.11000000 -0.03637088 0.10019064
v 0.11000000 -0.04417616 0.10570021
v 0.11000000 -0.05115852 0.11222128
v 0.11000000 -0.05718789 0.11963238
v 0.11000000 -0.06215197 0.12779545
v 0.11000000 -0.06595826 0.13655843
v 0.11000000 -0.06853589 0.14575808
v 0.11000000 -0.06983681 0.15522303
v 0.11000000 -0.06983681 0.81477697
v 0.11000000 -0.06853589 0.82424192
v 0.11000000 -0.06595826 0.83344157
v 0.11000000 -0.06215197 0.84220455
v 0.11000000 -0.05718789 0.85036762
v 0.11000000 -0.05115852 0.85777872
v 0.11000000 -0.04417616 0.86429979
v 0.11000000 -0.03637088 0.86980936
v 0.11000000 -0.02788808 0.87420479
v 0.11000000 -0.01888577 0.87740421
v 0.11000000 -0.00953167 0.87934802
v 0.11246698 -0.00920688 0.09065198
v 0.11488800 -0.01824226 0.09259579
v 0.11721797 -0.02693781 0.09579521
v 0.11941348 -0.03513157 0.10019064
v 0.12143363 -0.04267089 0.10570021
v 0.12324080 -0.04941533 0.11222128
v 0.12480132 -0.05523926 0.11963238
v 0.12608611 -0.06003419 0.12779545
v 0.12707126 -0.06371079 0.13655843
v 0.12773839 -0.06620058 0.14575808
v 0.12807510 -0.06745718 0.15522303
v 0.12807510 -0.06745718 0.81477697
v 0.12773839 -0.06620058 0.82424192
v 0.12707126 -0.06371079 0.83344157
v 0.12608611 -0.06003419 0.84220455
v 0.12480132 -0.05523926 0.85036762
v 0.12324080 -0.04941533 0.85777872
v 0.12143363 -0.04267089 0.86429979
v 0.11941348 -0.03513157 0.86980936
v 0.11721797 -0.02693781 0.87420479
v 0.11488800 -0.01824226 0.87740421
v 0.11246698 -0.00920688 0.87934802
v 0.11476583 -0.00825466 0.09065198
v 0.11944289 -0.01635556 0.09259579
v 0.12394404 -0.02415178 0.09579521
v 0.12818544 -0.03149810 0.10019064
v 0.13208808 -0.03825767 0.10570021
v 0.13557926 -0.04430458 0.11222128
v 0.13859395 -0.04952617 0.11963238
v 0.14107598 -0.05382518 0.12779545
v 0.14297913 -0.05712153 0.13655843
v 0.14426794 -0.05935382 0.14575808
v 0.14491841 -0.06048045 0.15522303
v 0.14491841 -0.06048045 0.81477697
v 0.14426794 -0.05935382 0.82424192
v 0.14297913 -0.05712153 0.83344157
v 0.14107598 -0.05382518 0.84220455
v 0.13859395 -0.04952617 0.85036762
v 0.13557926 -0.04430458 0.85777872
v 0.13208808 -0.03825767 0.86429979
v 0.12818544 -0.03149810 0.86980936
v 0.12394404 -0.02415178 0.87420479
v 0.11944289 -0.01635556 0.87740421
v 0.11476583 -0.00825466 0.87934802
v 0.11673991 -0.00673991 0.09065198
v 0.12335426 -0.01335426 0.09259579
v 0.12971985 -0.01971985 0.09579521
v 0.13571809 -0.02571809 0.10019064
v 0.14123726 -0.03123726 0.10570021
v 0.14617453 -0.03617453 0.11222128
v 0.15043795 -0.04043795 0.11963238
v 0.15394808 -0.04394808 0.12779545
v 0.15663954 -0.04663954 0.13655843
v 0.15846219 -0.04846219 0.14575808
v 0.15938208 -0.04938208 0.15522303
v 0.15938208 -0.04938208 0.81477697
v 0.15846219 -0.04846219 0.82424192
v 0.15663954 -0.04663954 0.83344157
v 0.15394808 -0.04394808 0.84220455
v 0.15043795 -0.04043795 0.85036762
v 0.14617453 -0.03617453 0.85777872
v 0.14123726 -0.03123726 0.86429979
v 0.13571809 -0.02571809 0.86980936
v 0.12971985 -0.01971985 0.87420479
v 0.12335426 -0.01335426 0.87740421
v 0.11673991 -0.00673991 0.87934802
v 0.11825466 -0.00476583 0.09065198
v 0.12635556 -0.00944289 0.09259579
v 0.13415178 -0.01394404 0.09579521
v 0.14149810 -0.01818544 0.10019064
v 0.14825767 -0.02208808 0.10570021
v 0.15430458 -0.02557926 0.11222128
v 0.15952617 -0.02859395 0.11963238
v 0.16382518 -0.03107598 0.12779545
v 0.16712153 -0.03297913 0.13655843
v 0.16935382 -0.03426794 0.14575808
v 0.17048045 -0.03491841 0.15522303
v 0.17048045 -0.03491841 0.81477697
v 0.16935382 -0.03426794 0.82424192
v 0.16712153 -0.03297913 0.83344157
v 0.16382518 -0.03107598 0.84220455
v 0.15952617 -0.02859395 0.85036762
v 0.15430458 -0.02557926 0.85777872
v 0.14825767 -0.02208808 0.86429979
v 0.14149810 -0.01818544 0.86980936
v 0.13415178 -0.01394404 0.87420479
v 0.12635556 -0.00944289 0.87740421
v 0.11825466 -0.00476583 0.87934802
v 0.11920688 -0.00246698 0.09065198
v 0.12824226 -0.00488800 0.09259579
v 0.13693781 -0.00721797 0.09579521
v 0.14513157 -0.00941348 0.10019064
v 0.15267089 -0.01143363 0.10570021
v 0.15941533 -0.01324080 0.11222128
v 0.16523926 -0.01480132 0.11963238
v 0.17003419 -0.01608611 0.12779545
v 0.17371079 -0.01707126 0.13655843
v 0.17620058 -0.01773839 0.14575808
v 0.17745718 -0.01807510 0.15522303
v 0.17745718 -0.01807510 0.81477697
v 0.17620058 -0.01773839 0.82424192
v 0.17371079 -0.01707126 0.83344157
v 0.17003419 -0.01608611 0.84220455
v 0.16523926 -0.01480132 0.85036762
v 0.15941533 -0.01324080 0.85777872
v 0.15267089 -0.01143363 0.86429979
v 0.14513157 -0.00941348 0.86980936
v 0.13693781 -0.00721797 0.87420479
v 0.12824226 -0.00488800 0.87740421
v 0.11920688 -0.00246698 0.87934802
v -0.17000000 -0.10000000 0.83000000
v -0.17000000 -0.10000000 1.05000000
v -0.17000000 0.10000000 0.83000000
v -0.17000000 0.10000000 1.05000000
v 0.17000000 -0.10000000 0.83000000
v 0.17000000 -0.10000000 1.05000000
v 0.17000000 0.10000000 0.83000000
v 0.17000000 0.10000000 1.05000000
v -0.21000000 -0.11000000 1.01000000
v -0.21000000 -0.11000000 1.51000000
v -0.21000000 0.11000000 1.01000000
v -0.21000000 0.11000000 1.51000000
v 0.21000000 -0.11000000 1.01000000
v 0.21000000 -0.11000000 1.51000000
v 0.21000000 0.11000000 1.01000000
v 0.21000000 0.11000000 1.51000000
v 0.00000000 0.00000000 1.48495000
v 0.00748917 0.00000000 1.48546227
v 0.01483882 0.00000000 1.48698955
v 0.02191206 0.00000000 1.48950338
v 0.02857712 0.00000000 1.49295693
v 0.03470984 0.00000000 1.49728588
v 0.04019598 0.00000000 1.50240958
v 0.04493334 0.00000000 1.50823258
v 0.04883369 0.00000000 1.51464642
v 0.05182435 0.00000000 1.52153162
v 0.05384962 0.00000000 1.52875992
v 0.05487178 0.00000000 1.53619667
v 0.05487178 0.00000000 1.54380333
v 0.05384962 0.00000000 1.55124008
v 0.05182435 0.00000000 1.55846838
v 0.04883369 0.00000000 1.56535358
v 0.04493334 0.00000000 1.57176742
v 0.04019598 0.00000000 1.57759042
v 0.03470984 0.00000000 1.58271412
v 0.02857712 0.00000000 1.58704307
v 0.02191206 0.00000000 1.59049662
v 0.01483882 0.00000000 1.59301045
v 0.00748917 0.00000000 1.59453773
v 0.00000000 0.00000000 1.59505000
v 0.00723398 0.00193834 1.48546227
v 0.01433320 0.00384057 1.48698955
v 0.02116542 0.00567126 1.48950338
v 0.02760338 0.00739630 1.49295693
v 0.03352713 0.00898357 1.49728588
v 0.03882633 0.01040348 1.50240958
v 0.04340228 0.01162961 1.50823258
v 0.04716972 0.01263909 1.51464642
v 0.05005848 0.01341313 1.52153162
v 0.05201474 0.01393731 1.52875992
v 0.05300207 0.01420186 1.53619667
v 0.05300207 0.01420186 1.54380333
v 0.05201474 0.01393731 1.55124008
v 0.05005848 0.01341313 1.55846838
v 0.04716972 0.01263909 1.56535358
v 0.04340228 0.01162961 1.57176742
v 0.03882633 0.01040348 1.57759042
v 0.03352713 0.00898357 1.58271412
v 0.02760338 0.00739630 1.58704307
v 0.02116542 0.00567126 1.59049662
v 0.01433320 0.00384057 1.59301045
v 0.00723398 0.00193834 1.59453773
v 0.00648581 0.00374458 1.48546227
v 0.01285080 0.00741941 1.48698955
v 0.01897640 0.01095603 1.48950338
v 0.02474851 0.01428856 1.49295693
v 0.03005960 0.01735492 1.49728588
v 0.03481074 0.02009799 1.50240958
v 0.03891342 0.02246667 1.50823258
v 0.04229121 0.02441684 1.51464642
v 0.04488120 0.02591218 1.52153162
v 0.04663514 0.02692481 1.52875992
v 0.04752036 0.02743589 1.53619667
v 0.04752036 0.02743589 1.54380333
v 0.04663514 0.02692481 1.55124008
v 0.04488120 0.02591218 1.55846838
v 0.04229121 0.02441684 1.56535358
v 0.03891342 0.02246667 1.57176742
v 0.03481074 0.02009799 1.57759042
v 0.03005960 0.01735492 1.58271412
v 0.02474851 0.01428856 1.58704307
v 0.01897640 0.01095603 1.59049662
v 0.01285080 0.00741941 1.59301045
v 0.00648581 0.00374458 1.59453773
v 0.00529564 0.00529564 1.48546227
v 0.01049263 0.01049263 1.48698955
v 0.01549417 0.01549417 1.48950338
v 0.02020707 0.02020707 1.49295693
v 0.02454356 0.02454356 1.49728588
v 0.02842285 0.02842285 1.50240958
v 0.03177267 0.03177267 1.50823258
v 0.03453063 0.03453063 1.51464642
v 0.03664535 0.03664535 1.52153162
v 0.03807743 0.03807743 1.52875992
v 0.03880021 0.03880021 1.53619667
v 0.03880021 0.03880021 1.54380333
v 0.03807743 0.03807743 1.55124008
v 0.03664535 0.03664535 1.55846838
v 0.03453063 0.03453063 1.56535358
v 0.03177267 0.03177267 1.57176742
v 0.02842285 0.02842285 1.57759042
v 0.02454356 0.02454356 1.58271412
v 0.02020707 0.02020707 1.58704307
v 0.01549417 0.01549417 1.59049662
v 0.01049263 0.01049263 1.59301045
v 0.00529564 0.00529564 1.59453773
v 0.00374458 0.00648581 1.48546227
v 0.00741941 0.01285080 1.48698955
v 0.01095603 0.01897640 1.48950338
v 0.01428856 0.02474851 1.49295693
v 0.01735492 0.03005960 1.49728588
v 0.02009799 0.03481074 1.50240958
v 0.02246667 0.03891342 1.50823258
v 0.02441684 0.04229121 1.51464642
v 0.02591218 0.04488120 1.52153162
v 0.02692481 0.04663514 1.52875992
v 0.02743589 0.04752036 1.53619667
v 0.02743589 0.04752036 1.54380333
v 0.02692481 0.04663514 1.55124008
v 0.02591218 0.04488120 1.55846838
v 0.02441684 0.04229121 1.56535358
v 0.02246667 0.03891342 1.57176742
v 0.02009799 0.03481074 1.57759042
v 0.01735492 0.03005960 1.58271412
v 0.01428856 0.02474851 1.58704307
v 0.01095603 0.01897640 1.59049662
v 0.00741941 0.01285080 1.59301045
v 0.00374458 0.00648581 1.59453773
v 0.00193834 0.00723398 1.48546227
v 0.00384057 0.01433320 1.48698955
v 0.00567126 0.02116542 1.48950338
v 0.00739630 0.02760338 1.49295693
v 0.00898357 0.03352713 1.49728588
v 0.01040348 0.03882633 1.50240958
v 0.01162961 0.04340228 1.50823258
v 0.01263909 0.04716972 1.51464642
v 0.01341313 0.05005848 1.52153162
v 0.01393731 0.05201474 1.52875992
v 0.01420186 0.05300207 1.53619667
v 0.01420186 0.05300207 1.54380333
v 0.01393731 0.05201474 1.55124008
v 0.01341313 0.05005848 1.55846838
v 0.01263909 0.04716972 1.56535358
v 0.01162961 0.04340228 1.57176742
v 0.01040348 0.03882633 1.57759042
v 0.00898357 0.03352713 1.58271412
v 0.00739630 0.02760338 1.58704307
v 0.00567126 0.02116542 1.59049662
v 0.00384057 0.01433320 1.59301045
v 0.00193834 0.00723398 1.59453773
v 0.00000000 0.00748917 1.48546227
v 0.00000000 0.01483882 1.48698955
v 0.00000000 0.02191206 1.48950338
v 0.00000000 0.02857712 1.49295693
v 0.00000000 0.03470984 1.49728588
v 0.00000000 0.04019598 1.50240958
v 0.00000000 0.04493334 1.50823258
v 0.00000000 0.04883369 1.51464642
v 0.00000000 0.05182435 1.52153162
v 0.00000000 0.05384962 1.52875992
v 0.00000000 0.05487178 1.53619667
v 0.00000000 0.05487178 1.54380333
v 0.00000000 0.05384962 1.55124008
v 0.00000000 0.05182435 1.55846838
v 0.00000000 0.04883369 1.56535358
v 0.00000000 0.04493334 1.57176742
v 0.00000000 0.04019598 1.57759042
v 0.00000000 0.03470984 1.58271412
v 0.00000000 0.02857712 1.58704307
v 0.00000000 0.02191206 1.59049662
v 0.00000000 0.01483882 1.59301045
v 0.00000000 0.00748917 1.59453773
v -0.00193834 0.00723398 1.48546227
v -0.00384057 0.01433320 1.48698955
v -0.00567126 0.02116542 1.48950338
v -0.00739630 0.02760338 1.49295693
v -0.00898357 0.03352713 1.49728588
v -0.01040348 0.03882633 1.50240958
v -0.01162961 0.04340228 1.50823258
v -0.01263909 0.04716972 1.51464642
v -0.01341313 0.05005848 1.52153162
v -0.01393731 0.05201474 1.52875992
v -0.01420186 0.05300207 1.53619667
v -0.01420186 0.05300207 1.54380333
v -0.01393731 0.05201474 1.55124008
v -0.01341313 0.05005848 1.55846838
v -0.01263909 0.04716972 1.56535358
v -0.01162961 0.04340228 1.57176742
v -0.01040348 0.03882633 1.57759042
v -0.00898357 0.03352713 1.58271412
v -0.00739630 0.02760338 1.58704307
v -0.00567126 0.02116542 1.59049662
v -0.00384057 0.01433320 1.59301045
v -0.00193834 0.00723398 1.59453773
v -0.00374458 0.00648581 1.48546227
v -0.00741941 0.01285080 1.48698955
v -0.01095603 0.01897640 1.48950338
v -0.01428856 0.02474851 1.49295693
v -0.01735492 0.03005960 1.49728588
v -0.02009799 0.03481074 1.50240958
v -0.02246667 0.03891342 1.50823258
v -0.02441684 0.04229121 1.51464642
v -0.02591218 0.04488120 1.52153162
v -0.02692481 0.04663514 1.52875992
v -0.02743589 0.04752036 1.53619667
v -0.02743589 0.04752036 1.54380333
v -0.02692481 0.04663514 1.55124008
v -0.02591218 0.04488120 1.55846838
v -0.02441684 0.04229121 1.56535358
v -0.02246667 0.03891342 1.57176742
v -0.02009799 0.03481074 1.57759042
v -0.01735492 0.03005960 1.58271412
v -0.01428856 0.02474851 1.58704307
v -0.01095603 0.01897640 1.59049662
v -0.00741941 0.01285080 1.59301045
v -0.00374458 0.00648581 1.59453773
v -0.00529564 0.00529564 1.48546227
v -0.01049263 0.01049263 1.48698955
v -0.01549417 0.01549417 1.48950338
v -0.02020707 0.02020707 1.49295693
v -0.02454356 0.02454356 1.49728588
v -0.02842285 0.02842285 1.50240958
v -0.03177267 0.03177267 1.50823258
v -0.03453063 0.03453063 1.51464642
v -0.03664535 0.03664535 1.52153162
v -0.03807743 0.03807743 1.52875992
v -0.03880021 0.03880021 1.53619667
v -0.03880021 0.03880021 1.54380333
v -0.03807743 0.03807743 1.55124008
v -0.03664535 0.03664535 1.55846838
v -0.03453063 0.03453063 1.56535358
v -0.03177267 0.03177267 1.57176742
v -0.02842285 0.02842285 1.57759042
v -0.02454356 0.02454356 1.58271412
v -0.02020707 0.02020707 1.58704307
v -0.01549417 0.01549417 1.59049662
v -0.01049263 0.01049263 1.59301045
v -0.00529564 0.00529564 1.59453773
v -0.00648581 0.00374458 1.48546227
v -0.01285080 0.00741941 1.48698955
v -0.01897640 0.01095603 1.48950338
v -0.02474851 0.01428856 1.49295693
v -0.03005960 0.01735492 1.49728588
v -0.03481074 0.02009799 1.50240958
v -0.03891342 0.02246667 1.50823258
v -0.04229121 0.02441684 1.51464642
v -0.04488120 0.02591218 1.52153162
v -0.04663514 0.02692481 1.52875992
v -0.04752036 0.02743589 1.53619667
v -0.04752036 0.02743589 1.54380333
v -0.04663514 0.02692481 1.55124008
v -0.04488120 0.02591218 1.55846838
v -0.04229121 0.02441684 1.56535358
v -0.03891342 0.02246667 1.57176742
v -0.03481074 0.02009799 1.57759042
v -0.03005960 0.01735492 1.58271412
v -0.02474851 0.01428856 1.58704307
v -0.01897640 0.01095603 1.59049662
v -0.01285080 0.00741941 1.59301045
v -0.00648581 0.00374458 1.59453773
v -0.00723398 0.00193834 1.48546227
v -0.01433320 0.00384057 1.48698955
v -0.02116542 0.00567126 1.48950338
v -0.02760338 0.00739630 1.49295693
v -0.03352713 0.00898357 1.49728588
v -0.03882633 0.01040348 1.50240958
v -0.04340228 0.01162961 1.50823258
v -0.04716972 0.01263909 1.51464642
v -0.05005848 0.01341313 1.52153162
v -0.05201474 0.01393731 1.52875992
v -0.05300207 0.01420186 1.53619667
v -0.05300207 0.01420186 1.54380333
v -0.05201474 0.01393731 1.55124008
v -0.05005848 0.01341313 1.55846838
v -0.04716972 0.01263909 1.56535358
v -0.04340228 0.01162961 1.57176742
v -0.03882633 0.01040348 1.57759042
v -0.03352713 0.00898357 1.58271412
v -0.02760338 0.00739630 1.58704307
v -0.02116542 0.00567126 1.59049662
v -0.01433320 0.00384057 1.59301045
v -0.00723398 0.00193834 1.59453773
v -0.00748917 0.00000000 1.48546227
v -0.01483882 0.00000000 1.48698955
v -0.02191206 0.00000000 1.48950338
v -0.02857712 0.00000000 1.49295693
v -0.03470984 0.00000000 1.49728588
v -0.04019598 0.00000000 1.50240958
v -0.04493334 0.00000000 1.50823258
v -0.04883369 0.00000000 1.51464642
v -0.05182435 0.00000000 1.52153162
v -0.05384962 0.00000000 1.52875992
v -0.05487178 0.00000000 1.53619667
v -0.05487178 0.00000000 1.54380333
v -0.05384962 0.00000000 1.55124008
v -0.05182435 0.00000000 1.55846838
v -0.04883369 0.00000000 1.56535358
v -0.04493334 0.00000000 1.57176742
v -0.04019598 0.00000000 1.57759042
v -0.03470984 0.00000000 1.58271412
v -0.02857712 0.00000000 1.58704307
v -0.02191206 0.00000000 1.59049662
v -0.01483882 0.00000000 1.59301045
v -0.00748917 0.00000000 1.59453773
v -0.00723398 -0.00193834 1.48546227
v -0.01433320 -0.00384057 1.48698955
v -0.02116542 -0.00567126 1.48950338
v -0.02760338 -0.00739630 1.49295693
v -0.03352713 -0.00898357 1.49728588
v -0.03882633 -0.01040348 1.50240958
v -0.04340228 -0.01162961 1.50823258
v -0.04716972 -0.01263909 1.51464642
v -0.05005848 -0.01341313 1.52153162
v -0.05201474 -0.01393731 1.52875992
v -0.05300207 -0.01420186 1.53619667
v -0.05300207 -0.01420186 1.54380333
v -0.05201474 -0.01393731 1.55124008
v -0.05005848 -0.01341313 1.55846838
v -0.04716972 -0.01263909 1.56535358
v -0.04340228 -0.01162961 1.57176742
v -0.03882633 -0.01040348 1.57759042
v -0.03352713 -0.00898357 1.58271412
v -0.02760338 -0.00739630 1.58704307
v -0.02116542 -0.00567126 1.59049662
v -0.01433320 -0.00384057 1.59301045
v -0.00723398 -0.00193834 1.59453773
v -0.00648581 -0.00374458 1.48546227
v -0.01285080 -0.00741941 1.48698955
v -0.01897640 -0.01095603 1.48950338
v -0.02474851 -0.01428856 1.49295693
v -0.03005960 -0.01735492 1.49728588
v -0.03481074 -0.02009799 1.50240958
v -0.03891342 -0.02246667 1.50823258
v -0.04229121 -0.02441684 1.51464642
v -0.04488120 -0.02591218 1.52153162
v -0.04663514 -0.02692481 1.52875992
v -0.04752036 -0.02743589 1.53619667
v -0.04752036 -0.02743589 1.54380333
v -0.04663514 -0.02692481 1.55124008
v -0.04488120 -0.02591218 1.55846838
v -0.04229121 -0.02441684 1.56535358
v -0.03891342 -0.02246667 1.57176742
v -0.03481074 -0.02009799 1.57759042
v -0.03005960 -0.01735492 1.58271412
v -0.02474851 -0.01428856 1.58704307
v -0.01897640 -0.01095603 1.59049662
v -0.01285080 -0.00741941 1.59301045
v -0.00648581 -0.00374458 1.59453773
v -0.00529564 -0.00529564 1.48546227
v -0.01049263 -0.01049263 1.48698955
v -0.01549417 -0.01549417 1.48950338
v -0.02020707 -0.02020707 1.49295693
v -0.02454356 -0.02454356 1.49728588
v -0.02842285 -0.02842285 1.50240958
v -0.03177267 -0.03177267 1.50823258
v -0.03453063 -0.03453063 1.51464642
v -0.03664535 -0.03664535 1.52153162
v -0.03807743 -0.03807743 1.52875992
v -0.03880021 -0.03880021 1.53619667
v -0.03880021 -0.03880021 1.54380333
v -0.03807743 -0.03807743 1.55124008
v -0.03664535 -0.03664535 1.55846838
v -0.03453063 -0.03453063 1.56535358
v -0.03177267 -0.03177267 1.57176742
v -0.02842285 -0.02842285 1.57759042
v -0.02454356 -0.02454356 1.58271412
v -0.02020707 -0.02020707 1.58704307
v -0.01549417 -0.01549417 1.59049662
v -0.01049263 -0.01049263 1.59301045
v -0.00529564 -0.00529564 1.59453773
v -0.00374458 -0.00648581 1.48546227
v -0.00741941 -0.01285080 1.48698955
v -0.01095603 -0.01897640 1.48950338
v -0.01428856 -0.02474851 1.49295693
v -0.01735492 -0.03005960 1.49728588
v -0.02009799 -0.03481074 1.50240958
v -0.02246667 -0.03891342 1.50823258
v -0.02441684 -0.04229121 1.51464642
v -0.02591218 -0.04488120 1.52153162
v -0.02692481 -0.04663514 1.52875992
v -0.02743589 -0.04752036 1.53619667
v -0.02743589 -0.04752036 1.54380333
v -0.02692481 -0.04663514 1.55124008
v -0.02591218 -0.04488120 1.55846838
v -0.02441684 -0.04229121 1.56535358
v -0.02246667 -0.03891342 1.57176742
v -0.02009799 -0.03481074 1.57759042
v -0.01735492 -0.03005960 1.58271412
v -0.01428856 -0.02474851 1.58704307
v -0.01095603 -0.01897640 1.59049662
v -0.00741941 -0.01285080 1.59301045
v -0.00374458 -0.00648581 1.59453773
v -0.00193834 -0.00723398 1.48546227
v -0.00384057 -0.01433320 1.48698955
v -0.00567126 -0.02116542 1.48950338
v -0.00739630 -0.02760338 1.49295693
v -0.00898357 -0.03352713 1.49728588
v -0.01040348 -0.03882633 1.50240958
v -0.01162961 -0.04340228 1.50823258
v -0.01263909 -0.04716972 1.51464642
v -0.01341313 -0.05005848 1.52153162
v -0.01393731 -0.05201474 1.52875992
v -0.01420186 -0.05300207 1.53619667
v -0.01420186 -0.05300207 1.54380333
v -0.01393731 -0.05201474 1.55124008
v -0.01341313 -0.05005848 1.55846838
v -0.01263909 -0.04716972 1.56535358
v -0.01162961 -0.04340228 1.57176742
v -0.01040348 -0.03882633 1.57759042
v -0.00898357 -0.03352713 1.58271412
v -0.00739630 -0.02760338 1.58704307
v -0.00567126 -0.02116542 1.59049662
v -0.00384057 -0.01433320 1.59301045
v -0.00193834 -0.00723398 1.59453773
v -0.00000000 -0.00748917 1.48546227
v -0.00000000 -0.01483882 1.48698955
v -0.00000000 -0.02191206 1.48950338
v -0.00000000 -0.02857712 1.49295693
v -0.00000000 -0.03470984 1.49728588
v -0.00000000 -0.04019598 1.50240958
v -0.00000000 -0.04493334 1.50823258
v -0.00000000 -0.04883369 1.51464642
v -0.00000000 -0.05182435 1.52153162
v -0.00000000 -0.05384962 1.52875992
v -0.00000000 -0.05487178 1.53619667
v -0.00000000 -0.05487178 1.54380333
v -0.00000000 -0.05384962 1.55124008
v -0.00000000 -0.05182435 1.55846838
v -0.00000000 -0.04883369 1.56535358
v -0.00000000 -0.04493334 1.57176742
v -0.00000000 -0.04019598 1.57759042
v -0.00000000 -0.03470984 1.58271412
v -0.00000000 -0.02857712 1.58704307
v -0.00000000 -0.02191206 1.59049662
v -0.00000000 -0.01483882 1.59301045
v -0.00000000 -0.00748917 1.59453773
v 0.00193834 -0.00723398 1.48546227
v 0.00384057 -0.01433320 1.48698955
v 0.00567126 -0.02116542 1.48950338
v 0.00739630 -0.02760338 1.49295693
v 0.00898357 -0.03352713 1.49728588
v 0.01040348 -0.03882633 1.50240958
v 0.01162961 -0.04340228 1.50823258
v 0.01263909 -0.04716972 1.51464642
v 0.01341313 -0.05005848 1.52153162
v 0.01393731 -0.05201474 1.52875992
v 0.01420186 -0.05300207 1.53619667
v 0.01420186 -0.05300207 1.54380333
v 0.01393731 -0.05201474 1.55124008
v 0.01341313 -0.05005848 1.55846838
v 0.01263909 -0.04716972 1.56535358
v 0.01162961 -0.04340228 1.57176742
v 0.01040348 -0.03882633 1.57759042
v 0.00898357 -0.03352713 1.58271412
v 0.00739630 -0.02760338 1.58704307
v 0.00567126 -0.02116542 1.59049662
v 0.00384057 -0.01433320 1.59301045
v 0.00193834 -0.00723398 1.59453773
v 0.00374458 -0.00648581 1.48546227
v 0.00741941 -0.01285080 1.48698955
v 0.01095603 -0.01897640 1.48950338
v 0.01428856 -0.02474851 1.49295693
v 0.01735492 -0.03005960 1.49728588
v 0.02009799 -0.03481074 1.50240958
v 0.02246667 -0.03891342 1.50823258
v 0.02441684 -0.04229121 1.51464642
v 0.02591218 -0.04488120 1.52153162
v 0.02692481 -0.04663514 1.52875992
v 0.02743589 -0.04752036 1.53619667
v 0.02743589 -0.04752036 1.54380333
v 0.02692481 -0.04663514 1.55124008
v 0.02591218 -0.04488120 1.55846838
v 0.02441684 -0.04229121 1.56535358
v 0.02246667 -0.03891342 1.57176742
v 0.02009799 -0.03481074 1.57759042
v 0.01735492 -0.03005960 1.58271412
v 0.01428856 -0.02474851 1.58704307
v 0.01095603 -0.01897640 1.59049662
v 0.00741941 -0.01285080 1.59301045
v 0.00374458 -0.00648581 1.59453773
v 0.00529564 -0.00529564 1.48546227
v 0.01049263 -0.01049263 1.48698955
v 0.01549417 -0.01549417 1.48950338
v 0.02020707 -0.02020707 1.49295693
v 0.02454356 -0.02454356 1.49728588
v 0.02842285 -0.02842285 1.50240958
v 0.03177267 -0.03177267 1.50823258
v 0.03453063 -0.03453063 1.51464642
v 0.03664535 -0.03664535 1.52153162
v 0.03807743 -0.03807743 1.52875992
v 0.03880021 -0.03880021 1.53619667
v 0.03880021 -0.03880021 1.54380333
v 0.03807743 -0.03807743 1.55124008
v 0.03664535 -0.03664535 1.55846838
v 0.03453063 -0.03453063 1.56535358
v 0.03177267 -0.03177267 1.57176742
v 0.02842285 -0.02842285 1.57759042
v 0.02454356 -0.02454356 1.58271412
v 0.02020707 -0.02020707 1.58704307
v 0.01549417 -0.01549417 1.59049662
v 0.01049263 -0.01049263 1.59301045
v 0.00529564 -0.00529564 1.59453773
v 0.00648581 -0.00374458 1.48546227
v 0.01285080 -0.00741941 1.48698955
v 0.01897640 -0.01095603 1.48950338
v 0.02474851 -0.01428856 1.49295693
v 0.03005960 -0.01735492 1.49728588
v 0.03481074 -0.02009799 1.50240958
v 0.03891342 -0.02246667 1.50823258
v 0.04229121 -0.02441684 1.51464642
v 0.04488120 -0.02591218 1.52153162
v 0.04663514 -0.02692481 1.52875992
v 0.04752036 -0.02743589 1.53619667
v 0.04752036 -0.02743589 1.54380333
v 0.04663514 -0.02692481 1.55124008
v 0.04488120 -0.02591218 1.55846838
v 0.04229121 -0.02441684 1.56535358
v 0.03891342 -0.02246667 1.57176742
v 0.03481074 -0.02009799 1.57759042
v 0.03005960 -0.01735492 1.58271412
v 0.02474851 -0.01428856 1.58704307
v 0.01897640 -0.01095603 1.59049662
v 0.01285080 -0.00741941 1.59301045
v 0.00648581 -0.00374458 1.59453773
v 0.00723398 -0.00193834 1.48546227
v 0.01433320 -0.00384057 1.48698955
v 0.02116542 -0.00567126 1.48950338
v 0.02760338 -0.00739630 1.49295693
v 0.03352713 -0.00898357 1.49728588
v 0.03882633 -0.01040348 1.50240958
v 0.04340228 -0.01162961 1.50823258
v 0.04716972 -0.01263909 1.51464642
v 0.05005848 -0.01341313 1.52153162
v 0.05201474 -0.01393731 1.52875992
v 0.05300207 -0.01420186 1.53619667
v 0.05300207 -0.01420186 1.54380333
v 0.05201474 -0.01393731 1.55124008
v 0.05005848 -0.01341313 1.55846838
v 0.04716972 -0.01263909 1.56535358
v 0.04340228 -0.01162961 1.57176742
v 0.03882633 -0.01040348 1.57759042
v 0.03352713 -0.00898357 1.58271412
v 0.02760338 -0.00739630 1.58704307
v 0.02116542 -0.00567126 1.59049662
v 0.01433320 -0.00384057 1.59301045
v 0.00723398 -0.00193834 1.59453773
v -0.06045908 0.09782484 1.69000000
v 0.06045908 0.09782484 1.69000000
v -0.06045908 -0.09782484 1.69000000
v 0.06045908 -0.09782484 1.69000000
v 0.00000000 -0.06045908 1.78782484
v 0.00000000 0.06045908 1.78782484
v 0.00000000 -0.06045908 1.59217516
v 0.00000000 0.06045908 1.59217516
v 0.09782484 0.00000000 1.62954092
v 0.09782484 0.00000000 1.75045908
v -0.09782484 0.00000000 1.62954092
v -0.09782484 0.00000000 1.75045908
v 0.00000000 0.11500000 1.69000000
v 0.00000000 -0.11500000 1.69000000
v -0.03553695 -0.09303695 1.74750000
v 0.03553695 -0.09303695 1.74750000
v -0.03553695 0.09303695 1.74750000
v 0.03553695 0.09303695 1.74750000
v 0.00000000 0.00000000 1.80500000
v -0.03553695 -0.09303695 1.63250000
v 0.03553695 -0.09303695 1.63250000
v -0.03553695 0.09303695 1.63250000
v 0.03553695 0.09303695 1.63250000
v 0.00000000 0.00000000 1.57500000
v 0.09303695 0.05750000 1.65446305
v 0.09303695 -0.05750000 1.65446305
v 0.05750000 -0.03553695 1.59696305
v 0.05750000 0.03553695 1.59696305
v 0.09303695 0.05750000 1.72553695
v 0.09303695 -0.05750000 1.72553695
v 0.05750000 -0.03553695 1.78303695
v 0.05750000 0.03553695 1.78303695
v 0.11500000 0.00000000 1.69000000
v -0.09303695 0.05750000 1.65446305
v -0.09303695 -0.05750000 1.65446305
v -0.05750000 -0.03553695 1.59696305
v -0.05750000 0.03553695 1.59696305
v -0.09303695 0.05750000 1.72553695
v -0.09303695 -0.05750000 1.72553695
v -0.05750000 -0.03553695 1.78303695
v -0.05750000 0.03553695 1.78303695
v -0.11500000 0.00000000 1.69000000
v -0.03142565 0.11062291 1.69000000
v 0.03142565 0.11062291 1.69000000
v -0.03142565 -0.11062291 1.69000000
v 0.03142565 -0.11062291 1.69000000
v -0.04989718 -0.09920688 1.71988757
v -0.01847153 -0.07978475 1.77073534
v -0.01868288 -0.10937150 1.72022954
v 0.04989718 -0.09920688 1.71988757
v 0.01847153 -0.07978475 1.77073534
v 0.01868288 -0.10937150 1.72022954
v 0.00000000 -0.09782484 1.75045908
v -0.04989718 0.09920688 1.71988757
v -0.01847153 0.07978475 1.77073534
v -0.01868288 0.10937150 1.72022954
v 0.04989718 0.09920688 1.71988757
v 0.01847153 0.07978475 1.77073534
v 0.01868288 0.10937150 1.72022954
v 0.00000000 0.09782484 1.75045908
v 0.00000000 -0.03142565 1.80062291
v 0.00000000 0.03142565 1.80062291
v -0.04989718 -0.09920688 1.66011243
v -0.01847153 -0.07978475 1.60926466
v -0.01868288 -0.10937150 1.65977046
v 0.04989718 -0.09920688 1.66011243
v 0.01847153 -0.07978475 1.60926466
v 0.01868288 -0.10937150 1.65977046
v 0.00000000 -0.09782484 1.62954092
v -0.04989718 0.09920688 1.66011243
v -0.01847153 0.07978475 1.60926466
v -0.01868288 0.10937150 1.65977046
v 0.04989718 0.09920688 1.66011243
v 0.01847153 0.07978475 1.60926466
v 0.01868288 0.10937150 1.65977046
v 0.00000000 0.09782484 1.62954092
v 0.00000000 -0.03142565 1.57937709
v 0.00000000 0.03142565 1.57937709
v 0.07978475 0.08073534 1.67152847
v 0.09920688 0.02988757 1.64010282
v 0.06759530 0.07914196 1.64108758
v 0.07978475 -0.08073534 1.67152847
v 0.09920688 -0.02988757 1.64010282
v 0.06759530 -0.07914196 1.64108758
v 0.02988757 -0.04989718 1.59079312
v 0.08073534 -0.01847153 1.61021525
v 0.04891242 -0.06759530 1.61085804
v 0.03022954 -0.01868288 1.58062850
v 0.07914196 -0.04891242 1.62240470
v 0.02988757 0.04989718 1.59079312
v 0.08073534 0.01847153 1.61021525
v 0.04891242 0.06759530 1.61085804
v 0.03022954 0.01868288 1.58062850
v 0.07914196 0.04891242 1.62240470
v 0.06045908 0.00000000 1.59217516
v 0.07978475 0.08073534 1.70847153
v 0.09920688 0.02988757 1.73989718
v 0.06759530 0.07914196 1.73891242
v 0.09782484 0.06045908 1.69000000
v 0.07978475 -0.08073534 1.70847153
v 0.09920688 -0.02988757 1.73989718
v 0.06759530 -0.07914196 1.73891242
v 0.09782484 -0.06045908 1.69000000
v 0.02988757 -0.04989718 1.78920688
v 0.08073534 -0.01847153 1.76978475
v 0.04891242 -0.06759530 1.76914196
v 0.03022954 -0.01868288 1.79937150
v 0.07914196 -0.04891242 1.75759530
v 0.02988757 0.04989718 1.78920688
v 0.08073534 0.01847153 1.76978475
v 0.04891242 0.06759530 1.76914196
v 0.03022954 0.01868288 1.79937150
v 0.07914196 0.04891242 1.75759530
v 0.06045908 0.00000000 1.78782484
v 0.11062291 0.00000000 1.65857435
v 0.11062291 0.00000000 1.72142565
v 0.10937150 0.03022954 1.67131712
v 0.10937150 -0.03022954 1.67131712
v 0.10937150 0.03022954 1.70868288
v 0.10937150 -0.03022954 1.70868288
v -0.07978475 0.08073534 1.67152847
v -0.09920688 0.02988757 1.64010282
v -0.06759530 0.07914196 1.64108758
v -0.07978475 -0.08073534 1.67152847
v -0.09920688 -0.02988757 1.64010282
v -0.06759530 -0.07914196 1.64108758
v -0.02988757 -0.04989718 1.59079312
v -0.08073534 -0.01847153 1.61021525
v -0.04891242 -0.06759530 1.61085804
v -0.03022954 -0.01868288 1.58062850
v -0.07914196 -0.04891242 1.62240470
v -0.02988757 0.04989718 1.59079312
v -0.08073534 0.01847153 1.61021525
v -0.04891242 0.06759530 1.61085804
v -0.03022954 0.01868288 1.58062850
v -0.07914196 0.04891242 1.62240470
v -0.06045908 0.00000000 1.59217516
v -0.07978475 0.08073534 1.70847153
v -0.09920688 0.02988757 1.73989718
v -0.06759530 0.07914196 1.73891242
v -0.09782484 0.06045908 1.69000000
v -0.07978475 -0.08073534 1.70847153
v -0.09920688 -0.02988757 1.73989718
v -0.06759530 -0.07914196 1.73891242
v -0.09782484 -0.06045908 1.69000000
v -0.02988757 -0.04989718 1.78920688
v -0.08073534 -0.01847153 1.76978475
v -0.04891242 -0.06759530 1.76914196
v -0.03022954 -0.01868288 1.79937150
v -0.07914196 -0.04891242 1.75759530
v -0.02988757 0.04989718 1.78920688
v -0.08073534 0.01847153 1.76978475
v -0.04891242 0.06759530 1.76914196
v -0.03022954 0.01868288 1.79937150
v -0.07914196 0.04891242 1.75759530
v -0.06045908 0.00000000 1.78782484
v -0.11062291 0.00000000 1.65857435
v -0.11062291 0.00000000 1.72142565
v -0.10937150 0.03022954 1.67131712
v -0.10937150 -0.03022954 1.67131712
v -0.10937150 0.03022954 1.70868288
v -0.10937150 -0.03022954 1.70868288
v -0.04638587 0.10522999 1.69000000
v -0.01586451 0.11390047 1.69000000
v 0.04638587 0.10522999 1.69000000
v 0.01586451 0.11390047 1.69000000
v -0.04638587 -0.10522999 1.69000000
v -0.01586451 -0.11390047 1.69000000
v 0.04638587 -0.10522999 1.69000000
v 0.01586451 -0.11390047 1.69000000
v -0.05571079 -0.09946687 1.70508804
v -0.04312944 -0.09704982 1.73411558
v -0.04119631 -0.10629503 1.70514037
v -0.00932492 -0.07079883 1.78014195
v -0.02726493 -0.08724501 1.75978489
v -0.00945788 -0.11358416 1.70530318
v -0.02744785 -0.10246575 1.73441155
v -0.02531346 -0.11113515 1.70527113
v -0.03464477 -0.10536808 1.72036952
v 0.05571079 -0.09946687 1.70508804
v 0.04312944 -0.09704982 1.73411558
v 0.04119631 -0.10629503 1.70514037
v 0.00932492 -0.07079883 1.78014195
v 0.02726493 -0.08724501 1.75978489
v 0.00000000 -0.08083431 1.77179740
v 0.00945788 -0.11358416 1.70530318
v 0.02744785 -0.10246575 1.73441155
v 0.02531346 -0.11113515 1.70527113
v 0.00000000 -0.11084405 1.72063654
v 0.03464477 -0.10536808 1.72036952
v -0.01798996 -0.09662046 1.74971473
v 0.01798996 -0.09662046 1.74971473
v -0.00933131 -0.08972350 1.76132755
v -0.00946721 -0.10499299 1.73595481
v 0.00933131 -0.08972350 1.76132755
v 0.00946721 -0.10499299 1.73595481
v -0.05571079 0.09946687 1.70508804
v -0.04312944 0.09704982 1.73411558
v -0.04119631 0.10629503 1.70514037
v -0.00932492 0.07079883 1.78014195
v -0.02726493 0.08724501 1.75978489
v -0.00945788 0.11358416 1.70530318
v -0.02744785 0.10246575 1.73441155
v -0.02531346 0.11113515 1.70527113
v -0.03464477 0.10536808 1.72036952
v 0.05571079 0.09946687 1.70508804
v 0.04312944 0.09704982 1.73411558
v 0.04119631 0.10629503 1.70514037
v 0.00932492 0.07079883 1.78014195
v 0.02726493 0.08724501 1.75978489
v 0.00000000 0.08083431 1.77179740
v 0.00945788 0.11358416 1.70530318
v 0.02744785 0.10246575 1.73441155
v 0.02531346 0.11113515 1.70527113
v 0.00000000 0.11084405 1.72063654
v 0.03464477 0.10536808 1.72036952
v -0.01798996 0.09662046 1.74971473
v 0.01798996 0.09662046 1.74971473
v -0.00933131 0.08972350 1.76132755
v -0.00946721 0.10499299 1.73595481
v 0.00933131 0.08972350 1.76132755
v 0.00946721 0.10499299 1.73595481
v 0.00000000 -0.04638587 1.79522999
v 0.00000000 -0.01586451 1.80390047
v 0.00000000 0.04638587 1.79522999
v 0.00000000 0.01586451 1.80390047
v -0.05571079 -0.09946687 1.67491196
v -0.04312944 -0.09704982 1.64588442
v -0.04119631 -0.10629503 1.67485963
v -0.00932492 -0.07079883 1.59985805
v -0.02726493 -0.08724501 1.62021511
v -0.00945788 -0.11358416 1.67469682
v -0.02744785 -0.10246575 1.64558845
v -0.02531346 -0.11113515 1.67472887
v -0.03464477 -0.10536808 1.65963048
v 0.05571079 -0.09946687 1.67491196
v 0.04312944 -0.09704982 1.64588442
v 0.04119631 -0.10629503 1.67485963
v 0.00932492 -0.07079883 1.59985805
v 0.02726493 -0.08724501 1.62021511
v 0.00000000 -0.08083431 1.60820260
v 0.00945788 -0.11358416 1.67469682
v 0.02744785 -0.10246575 1.64558845
v 0.02531346 -0.11113515 1.67472887
v 0.00000000 -0.11084405 1.65936346
v 0.03464477 -0.10536808 1.65963048
v -0.01798996 -0.09662046 1.63028527
v 0.01798996 -0.09662046 1.63028527
v -0.00933131 -0.08972350 1.61867245
v -0.00946721 -0.10499299 1.64404519
v 0.00933131 -0.08972350 1.61867245
v 0.00946721 -0.10499299 1.64404519
v -0.05571079 0.09946687 1.67491196
v -0.04312944 0.09704982 1.64588442
v -0.04119631 0.10629503 1.67485963
v -0.00932492 0.07079883 1.59985805
v -0.02726493 0.08724501 1.62021511
v -0.00945788 0.11358416 1.67469682
v -0.02744785 0.10246575 1.64558845
v -0.02531346 0.11113515 1.67472887
v -0.03464477 0.10536808 1.65963048
v 0.05571079 0.09946687 1.67491196
v 0.04312944 0.09704982 1.64588442
v 0.04119631 0.10629503 1.67485963
v 0.00932492 0.07079883 1.59985805
v 0.02726493 0.08724501 1.62021511
v 0.00000000 0.08083431 1.60820260
v 0.00945788 0.11358416 1.67469682
v 0.02744785 0.10246575 1.64558845
v 0.02531346 0.11113515 1.67472887
v 0.00000000 0.11084405 1.65936346
v 0.03464477 0.10536808 1.65963048
v -0.01798996 0.09662046 1.63028527
v 0.01798996 0.09662046 1.63028527
v -0.00933131 0.08972350 1.61867245
v -0.00946721 0.10499299 1.64404519
v 0.00933131 0.08972350 1.61867245
v 0.00946721 0.10499299 1.64404519
v 0.00000000 -0.04638587 1.58477001
v 0.00000000 -0.01586451 1.57609953
v 0.00000000 0.04638587 1.58477001
v 0.00000000 0.01586451 1.57609953
v 0.07079883 0.09014195 1.68067508
v 0.08724501 0.06978489 1.66273507
v 0.06569394 0.09115466 1.66550237
v 0.09946687 0.01508804 1.63428921
v 0.09704982 0.04411558 1.64687056
v 0.05220891 0.08716257 1.63613057
v 0.08131728 0.06917261 1.64724898
v 0.05935399 0.09009695 1.65019240
v 0.07445237 0.08076563 1.65595947
v 0.07079883 -0.09014195 1.68067508
v 0.08724501 -0.06978489 1.66273507
v 0.06569394 -0.09115466 1.66550237
v 0.09946687 -0.01508804 1.63428921
v 0.09704982 -0.04411558 1.64687056
v 0.05220891 -0.08716257 1.63613057
v 0.08131728 -0.06917261 1.64724898
v 0.05935399 -0.09009695 1.65019240
v 0.07445237 -0.08076563 1.65595947
v 0.01508804 -0.05571079 1.59053313
v 0.04411558 -0.04312944 1.59295018
v 0.02449763 -0.06569394 1.59884534
v 0.01514037 -0.04119631 1.58370497
v 0.09014195 -0.00932492 1.61920117
v 0.06978489 -0.02726493 1.60275499
v 0.09115466 -0.02449763 1.62430606
v 0.04275102 -0.08131728 1.62082739
v 0.05386943 -0.05220891 1.60283743
v 0.03404053 -0.07445237 1.60923437
v 0.05903818 -0.07435645 1.62511077
v 0.03980760 -0.05935399 1.59990305
v 0.01530318 -0.00945788 1.57641584
v 0.04441155 -0.02744785 1.58753425
v 0.01527113 -0.02531346 1.57886485
v 0.03036952 -0.03464477 1.58463192
v 0.08716257 -0.05386943 1.63779109
v 0.06917261 -0.04275102 1.60868272
v 0.09009695 -0.03980760 1.63064601
v 0.07435645 -0.06488923 1.63096182
v 0.08076563 -0.03404053 1.61554763
v 0.06488923 -0.05903818 1.61564355
v 0.01508804 0.05571079 1.59053313
v 0.04411558 0.04312944 1.59295018
v 0.02449763 0.06569394 1.59884534
v 0.01514037 0.04119631 1.58370497
v 0.09014195 0.00932492 1.61920117
v 0.06978489 0.02726493 1.60275499
v 0.09115466 0.02449763 1.62430606
v 0.08179740 0.00000000 1.60916569
v 0.04275102 0.08131728 1.62082739
v 0.05386943 0.05220891 1.60283743
v 0.03404053 0.07445237 1.60923437
v 0.05903818 0.07435645 1.62511077
v 0.03980760 0.05935399 1.59990305
v 0.01530318 0.00945788 1.57641584
v 0.04441155 0.02744785 1.58753425
v 0.01527113 0.02531346 1.57886485
v 0.03063654 0.00000000 1.57915595
v 0.03036952 0.03464477 1.58463192
v 0.08716257 0.05386943 1.63779109
v 0.06917261 0.04275102 1.60868272
v 0.09009695 0.03980760 1.63064601
v 0.07435645 0.06488923 1.63096182
v 0.08076563 0.03404053 1.61554763
v 0.06488923 0.05903818 1.61564355
v 0.05971473 -0.01798996 1.59337954
v 0.05971473 0.01798996 1.59337954
v 0.07132755 -0.00933131 1.60027650
v 0.04595481 -0.00946721 1.58500701
v 0.07132755 0.00933131 1.60027650
v 0.04595481 0.00946721 1.58500701
v 0.07079883 0.09014195 1.69932492
v 0.08724501 0.06978489 1.71726493
v 0.06569394 0.09115466 1.71449763
v 0.08083431 0.08179740 1.69000000
v 0.09946687 0.01508804 1.74571079
v 0.09704982 0.04411558 1.73312944
v 0.05220891 0.08716257 1.74386943
v 0.08131728 0.06917261 1.73275102
v 0.05935399 0.09009695 1.72980760
v 0.07445237 0.08076563 1.72404053
v 0.09662046 0.05971473 1.67201004
v 0.09662046 0.05971473 1.70798996
v 0.08972350 0.07132755 1.68066869
v 0.08972350 0.07132755 1.69933131
v 0.07079883 -0.09014195 1.69932492
v 0.08724501 -0.06978489 1.71726493
v 0.06569394 -0.09115466 1.71449763
v 0.08083431 -0.08179740 1.69000000
v 0.09946687 -0.01508804 1.74571079
v 0.09704982 -0.04411558 1.73312944
v 0.05220891 -0.08716257 1.74386943
v 0.08131728 -0.06917261 1.73275102
v 0.05935399 -0.09009695 1.72980760
v 0.07445237 -0.08076563 1.72404053
v 0.09662046 -0.05971473 1.67201004
v 0.09662046 -0.05971473 1.70798996
v 0.08972350 -0.07132755 1.68066869
v 0.08972350 -0.07132755 1.69933131
v 0.01508804 -0.05571079 1.78946687
v 0.04411558 -0.04312944 1.78704982
v 0.02449763 -0.06569394 1.78115466
v 0.01514037 -0.04119631 1.79629503
v 0.09014195 -0.00932492 1.76079883
v 0.06978489 -0.02726493 1.77724501
v 0.09115466 -0.02449763 1.75569394
v 0.04275102 -0.08131728 1.75917261
v 0.05386943 -0.05220891 1.77716257
v 0.03404053 -0.07445237 1.77076563
v 0.05903818 -0.07435645 1.75488923
v 0.03980760 -0.05935399 1.78009695
v 0.01530318 -0.00945788 1.80358416
v 0.04441155 -0.02744785 1.79246575
v 0.01527113 -0.02531346 1.80113515
v 0.03036952 -0.03464477 1.79536808
v 0.08716257 -0.05386943 1.74220891
v 0.06917261 -0.04275102 1.77131728
v 0.09009695 -0.03980760 1.74935399
v 0.07435645 -0.06488923 1.74903818
v 0.08076563 -0.03404053 1.76445237
v 0.06488923 -0.05903818 1.76435645
v 0.01508804 0.05571079 1.78946687
v 0.04411558 0.04312944 1.78704982
v 0.02449763 0.06569394 1.78115466
v 0.01514037 0.04119631 1.79629503
v 0.09014195 0.00932492 1.76079883
v 0.06978489 0.02726493 1.77724501
v 0.09115466 0.02449763 1.75569394
v 0.08179740 0.00000000 1.77083431
v 0.04275102 0.08131728 1.75917261
v 0.05386943 0.05220891 1.77716257
v 0.03404053 0.07445237 1.77076563
v 0.05903818 0.07435645 1.75488923
v 0.03980760 0.05935399 1.78009695
v 0.01530318 0.00945788 1.80358416
v 0.04441155 0.02744785 1.79246575
v 0.01527113 0.02531346 1.80113515
v 0.03063654 0.00000000 1.80084405
v 0.03036952 0.03464477 1.79536808
v 0.08716257 0.05386943 1.74220891
v 0.06917261 0.04275102 1.77131728
v 0.09009695 0.03980760 1.74935399
v 0.07435645 0.06488923 1.74903818
v 0.08076563 0.03404053 1.76445237
v 0.06488923 0.05903818 1.76435645
v 0.05971473 -0.01798996 1.78662046
v 0.05971473 0.01798996 1.78662046
v 0.07132755 -0.00933131 1.77972350
v 0.04595481 -0.00946721 1.79499299
v 0.07132755 0.00933131 1.77972350
v 0.04595481 0.00946721 1.79499299
v 0.10522999 0.00000000 1.64361413
v 0.11390047 0.00000000 1.67413549
v 0.10629503 0.01514037 1.64880369
v 0.10629503 -0.01514037 1.64880369
v 0.10522999 0.00000000 1.73638587
v 0.11390047 0.00000000 1.70586451
v 0.10629503 0.01514037 1.73119631
v 0.10629503 -0.01514037 1.73119631
v 0.10246575 0.04441155 1.66255215
v 0.11358416 0.01530318 1.68054212
v 0.10536808 0.03036952 1.65535523
v 0.10499299 0.04595481 1.68053279
v 0.11113515 0.01527113 1.66468654
v 0.10246575 -0.04441155 1.66255215
v 0.11358416 -0.01530318 1.68054212
v 0.10536808 -0.03036952 1.65535523
v 0.10499299 -0.04595481 1.68053279
v 0.11113515 -0.01527113 1.66468654
v 0.10246575 0.04441155 1.71744785
v 0.11358416 0.01530318 1.69945788
v 0.10536808 0.03036952 1.72464477
v 0.10499299 0.04595481 1.69946721
v 0.11113515 0.01527113 1.71531346
v 0.11084405 0.03063654 1.69000000
v 0.10246575 -0.04441155 1.71744785
v 0.11358416 -0.01530318 1.69945788
v 0.10536808 -0.03036952 1.72464477
v 0.10499299 -0.04595481 1.69946721
v 0.11113515 -0.01527113 1.71531346
v 0.11084405 -0.03063654 1.69000000
v -0.07079883 0.09014195 1.68067508
v -0.08724501 0.06978489 1.66273507
v -0.06569394 0.09115466 1.66550237
v -0.09946687 0.01508804 1.63428921
v -0.09704982 0.04411558 1.64687056
v -0.05220891 0.08716257 1.63613057
v -0.08131728 0.06917261 1.64724898
v -0.05935399 0.09009695 1.65019240
v -0.07445237 0.08076563 1.65595947
v -0.07079883 -0.09014195 1.68067508
v -0.08724501 -0.06978489 1.66273507
v -0.06569394 -0.09115466 1.66550237
v -0.09946687 -0.01508804 1.63428921
v -0.09704982 -0.04411558 1.64687056
v -0.05220891 -0.08716257 1.63613057
v -0.08131728 -0.06917261 1.64724898
v -0.05935399 -0.09009695 1.65019240
v -0.07445237 -0.08076563 1.65595947
v -0.01508804 -0.05571079 1.59053313
v -0.04411558 -0.04312944 1.59295018
v -0.02449763 -0.06569394 1.59884534
v -0.01514037 -0.04119631 1.58370497
v -0.09014195 -0.00932492 1.61920117
v -0.06978489 -0.02726493 1.60275499
v -0.09115466 -0.02449763 1.62430606
v -0.04275102 -0.08131728 1.62082739
v -0.05386943 -0.05220891 1.60283743
v -0.03404053 -0.07445237 1.60923437
v -0.05903818 -0.07435645 1.62511077
v -0.03980760 -0.05935399 1.59990305
v -0.01530318 -0.00945788 1.57641584
v -0.04441155 -0.02744785 1.58753425
v -0.01527113 -0.02531346 1.57886485
v -0.03036952 -0.03464477 1.58463192
v -0.08716257 -0.05386943 1.63779109
v -0.06917261 -0.04275102 1.60868272
v -0.09009695 -0.03980760 1.63064601
v -0.07435645 -0.06488923 1.63096182
v -0.08076563 -0.03404053 1.61554763
v -0.06488923 -0.05903818 1.61564355
v -0.01508804 0.05571079 1.59053313
v -0.04411558 0.04312944 1.59295018
v -0.02449763 0.06569394 1.59884534
v -0.01514037 0.04119631 1.58370497
v -0.09014195 0.00932492 1.61920117
v -0.06978489 0.02726493 1.60275499
v -0.09115466 0.02449763 1.62430606
v -0.08179740 0.00000000 1.60916569
v -0.04275102 0.08131728 1.62082739
v -0.05386943 0.05220891 1.60283743
v -0.03404053 0.07445237 1.60923437
v -0.05903818 0.07435645 1.62511077
v -0.03980760 0.05935399 1.59990305
v -0.01530318 0.00945788 1.57641584
v -0.04441155 0.02744785 1.58753425
v -0.01527113 0.02531346 1.57886485
v -0.03063654 0.00000000 1.57915595
v -0.03036952 0.03464477 1.58463192
v -0.08716257 0.05386943 1.63779109
v -0.06917261 0.04275102 1.60868272
v -0.09009695 0.03980760 1.63064601
v -0.07435645 0.06488923 1.63096182
v -0.08076563 0.03404053 1.61554763
v -0.06488923 0.05903818 1.61564355
v -0.05971473 -0.01798996 1.59337954
v -0.05971473 0.01798996 1.59337954
v -0.07132755 -0.00933131 1.60027650
v -0.04595481 -0.00946721 1.58500701
v -0.07132755 0.00933131 1.60027650
v -0.04595481 0.00946721 1.58500701
v -0.07079883 0.09014195 1.69932492
v -0.08724501 0.06978489 1.71726493
v -0.06569394 0.09115466 1.71449763
v -0.08083431 0.08179740 1.69000000
v -0.09946687 0.01508804 1.74571079
v -0.09704982 0.04411558 1.73312944
v -0.05220891 0.08716257 1.74386943
v -0.08131728 0.06917261 1.73275102
v -0.05935399 0.09009695 1.72980760
v -0.07445237 0.08076563 1.72404053
v -0.09662046 0.05971473 1.67201004
v -0.09662046 0.05971473 1.70798996
v -0.08972350 0.07132755 1.68066869
v -0.08972350 0.07132755 1.69933131
v -0.07079883 -0.09014195 1.69932492
v -0.08724501 -0.06978489 1.71726493
v -0.06569394 -0.09115466 1.71449763
v -0.08083431 -0.08179740 1.69000000
v -0.09946687 -0.01508804 1.74571079
v -0.09704982 -0.04411558 1.73312944
v -0.05220891 -0.08716257 1.74386943
v -0.08131728 -0.06917261 1.73275102
v -0.05935399 -0.09009695 1.72980760
v -0.07445237 -0.08076563 1.72404053
v -0.09662046 -0.05971473 1.67201004
v -0.09662046 -0.05971473 1.70798996
v -0.08972350 -0.07132755 1.68066869
v -0.08972350 -0.07132755 1.69933131
v -0.01508804 -0.05571079 1.78946687
v -0.04411558 -0.04312944 1.78704982
v -0.02449763 -0.06569394 1.78115466
v -0.01514037 -0.04119631 1.79629503
v -0.09014195 -0.00932492 1.76079883
v -0.06978489 -0.02726493 1.77724501
v -0.09115466 -0.02449763 1.75569394
v -0.04275102 -0.08131728 1.75917261
v -0.05386943 -0.05220891 1.77716257
v -0.03404053 -0.07445237 1.77076563
v -0.05903818 -0.07435645 1.75488923
v -0.03980760 -0.05935399 1.78009695
v -0.01530318 -0.00945788 1.80358416
v -0.04441155 -0.02744785 1.79246575
v -0.01527113 -0.02531346 1.80113515
v -0.03036952 -0.03464477 1.79536808
v -0.08716257 -0.05386943 1.74220891
v -0.06917261 -0.04275102 1.77131728
v -0.09009695 -0.03980760 1.74935399
v -0.07435645 -0.06488923 1.74903818
v -0.08076563 -0.03404053 1.76445237
v -0.06488923 -0.05903818 1.76435645
v -0.01508804 0.05571079 1.78946687
v -0.04411558 0.04312944 1.78704982
v -0.02449763 0.06569394 1.78115466
v -0.01514037 0.04119631 1.79629503
v -0.09014195 0.00932492 1.76079883
v -0.06978489 0.02726493 1.77724501
v -0.09115466 0.02449763 1.75569394
v -0.08179740 0.00000000 1.77083431
v -0.04275102 0.08131728 1.75917261
v -0.05386943 0.05220891 1.77716257
v -0.03404053 0.07445237 1.77076563
v -0.05903818 0.07435645 1.75488923
v -0.03980760 0.05935399 1.78009695
v -0.01530318 0.00945788 1.80358416
v -0.04441155 0.02744785 1.79246575
v -0.01527113 0.02531346 1.80113515
v -0.03063654 0.00000000 1.80084405
v -0.03036952 0.03464477 1.79536808
v -0.08716257 0.05386943 1.74220891
v -0.06917261 0.04275102 1.77131728
v -0.09009695 0.03980760 1.74935399
v -0.07435645 0.06488923 1.74903818
v -0.08076563 0.03404053 1.76445237
v -0.06488923 0.05903818 1.76435645
v -0.05971473 -0.01798996 1.78662046
v -0.05971473 0.01798996 1.78662046
v -0.07132755 -0.00933131 1.77972350
v -0.04595481 -0.00946721 1.79499299
v -0.07132755 0.00933131 1.77972350
v -0.04595481 0.00946721 1.79499299
v -0.10522999 0.00000000 1.64361413
v -0.11390047 0.00000000 1.67413549
v -0.10629503 0.01514037 1.64880369
v -0.10629503 -0.01514037 1.64880369
v -0.10522999 0.00000000 1.73638587
v -0.11390047 0.00000000 1.70586451
v -0.10629503 0.01514037 1.73119631
v -0.10629503 -0.01514037 1.73119631
v -0.10246575 0.04441155 1.66255215
v -0.11358416 0.01530318 1.68054212
v -0.10536808 0.03036952 1.65535523
v -0.10499299 0.04595481 1.68053279
v -0.11113515 0.01527113 1.66468654
v -0.10246575 -0.04441155 1.66255215
v -0.11358416 -0.01530318 1.68054212
v -0.10536808 -0.03036952 1.65535523
v -0.10499299 -0.04595481 1.68053279
v -0.11113515 -0.01527113 1.66468654
v -0.10246575 0.04441155 1.71744785
v -0.11358416 0.01530318 1.69945788
v -0.10536808 0.03036952 1.72464477
v -0.10499299 0.04595481 1.69946721
v -0.11113515 0.01527113 1.71531346
v -0.11084405 0.03063654 1.69000000
v -0.10246575 -0.04441155 1.71744785
v -0.11358416 -0.01530318 1.69945788
v -0.10536808 -0.03036952 1.72464477
v -0.10499299 -0.04595481 1.69946721
v -0.11113515 -0.01527113 1.71531346
v -0.11084405 -0.03063654 1.69000000
v -0.25000000 0.00000000 1.45000000
v -0.25749926 0.00000000 1.45033343
v -0.26497407 0.00000000 1.44964260
v -0.27228519 0.00000000 1.44794039
v -0.27929643 0.00000000 1.44525850
v -0.28587718 0.00000000 1.44164689
v -0.29190486 0.00000000 1.43717285
v -0.29726719 0.00000000 1.43191970
v -0.30186426 0.00000000 1.42598531
v -0.30561045 0.00000000 1.41948023
v -0.30843597 0.00000000 1.41252563
v -0.31028820 0.00000000 1.40525107
v -0.35875882 0.00000000 0.97709388
v -0.35857970 0.00000000 0.96958935
v -0.35738039 0.00000000 0.96217911
v -0.35518322 0.00000000 0.95500119
v -0.35202912 0.00000000 0.94818931
v -0.34797684 0.00000000 0.94187037
v -0.34310188 0.00000000 0.93616206
v -0.33749505 0.00000000 0.93117072
v -0.33126078 0.00000000 0.92698934
v -0.32451521 0.00000000 0.92369581
v -0.31738401 0.00000000 0.92135147
v -0.31000000 0.00000000 0.92000000
v -0.25724569 0.00193834 1.45030472
v -0.26447166 0.00384057 1.44958572
v -0.27154329 0.00567126 1.44785640
v -0.27832887 0.00739630 1.44514896
v -0.28470198 0.00898357 1.44151385
v -0.29054391 0.01040348 1.43701878
v -0.29574584 0.01162961 1.43174747
v -0.30021085 0.01263909 1.42579814
v -0.30385579 0.01341313 1.41928159
v -0.30661274 0.01393731 1.41231923
v -0.30843035 0.01420186 1.40504075
v -0.35690098 0.01420186 0.97688355
v -0.35675647 0.01393731 0.96938294
v -0.35562573 0.01341313 0.96198047
v -0.35352981 0.01263909 0.95481401
v -0.35050777 0.01162961 0.94801709
v -0.34661589 0.01040348 0.94171630
v -0.34192668 0.00898357 0.93602902
v -0.33652748 0.00739630 0.93106119
v -0.33051888 0.00567126 0.92690536
v -0.32401280 0.00384057 0.92363893
v -0.31713044 0.00193834 0.92132276
v -0.25650227 0.00374458 1.45022056
v -0.26299866 0.00741941 1.44941897
v -0.26936816 0.01095603 1.44761016
v -0.27549212 0.01428856 1.44482782
v -0.28125646 0.01735492 1.44112379
v -0.28655380 0.02009799 1.43656707
v -0.29128547 0.02246667 1.43124253
v -0.29536331 0.02441684 1.42524936
v -0.29871137 0.02591218 1.41869921
v -0.30126728 0.02692481 1.41171408
v -0.30298343 0.02743589 1.40442412
v -0.35145406 0.02743589 0.97626692
v -0.35141101 0.02692481 0.96877780
v -0.35048131 0.02591218 0.96139808
v -0.34868227 0.02441684 0.95426524
v -0.34604740 0.02246667 0.94751214
v -0.34262578 0.02009799 0.94126459
v -0.33848116 0.01735492 0.93563896
v -0.33369074 0.01428856 0.93074005
v -0.32834375 0.01095603 0.92665911
v -0.32253981 0.00741941 0.92347218
v -0.31638702 0.00374458 0.92123860
v -0.25531965 0.00529564 1.45008668
v -0.26065546 0.01049263 1.44915370
v -0.26590803 0.01549417 1.44721845
v -0.27097951 0.02020707 1.44431696
v -0.27577543 0.02454356 1.44050330
v -0.28020646 0.02842285 1.43584850
v -0.28419004 0.03177267 1.43043927
v -0.28765199 0.03453063 1.42437638
v -0.29052779 0.03664535 1.41777276
v -0.29276389 0.03807743 1.41075144
v -0.29431863 0.03880021 1.40344319
v -0.34278926 0.03880021 0.97528600
v -0.34290762 0.03807743 0.96781515
v -0.34229773 0.03664535 0.96047164
v -0.34097094 0.03453063 0.95339226
v -0.33895198 0.03177267 0.94670888
v -0.33627844 0.02842285 0.94054602
v -0.33300013 0.02454356 0.93501846
v -0.32917813 0.02020707 0.93022919
v -0.32488362 0.01549417 0.92626740
v -0.32019661 0.01049263 0.92320691
v -0.31520440 0.00529564 0.92110472
v -0.25377844 0.00648581 1.44991220
v -0.25760175 0.01285080 1.44880800
v -0.26139870 0.01897640 1.44670796
v -0.26509856 0.02474851 1.44365119
v -0.26863242 0.03005960 1.43969465
v -0.27193444 0.03481074 1.43491204
v -0.27494311 0.03891342 1.42939245
v -0.27760239 0.04229121 1.42323869
v -0.27986274 0.04488120 1.41656540
v -0.28168205 0.04663514 1.40949689
v -0.28302644 0.04752036 1.40216483
v -0.33149707 0.04752036 0.97400764
v -0.33182579 0.04663514 0.96656060
v -0.33163268 0.04488120 0.95926427
v -0.33092135 0.04229121 0.95225457
v -0.32970504 0.03891342 0.94566206
v -0.32800642 0.03481074 0.93960956
v -0.32585712 0.03005960 0.93420982
v -0.32329718 0.02474851 0.92956342
v -0.32037429 0.01897640 0.92575691
v -0.31714289 0.01285080 0.92286121
v -0.31366319 0.00648581 0.92093025
v -0.25198366 0.00723398 1.44970902
v -0.25404562 0.01433320 1.44840542
v -0.25614747 0.02116542 1.44611348
v -0.25825005 0.02760338 1.44287589
v -0.26031420 0.03352713 1.43875297
v -0.26230146 0.03882633 1.43382152
v -0.26417483 0.04340228 1.42817340
v -0.26589939 0.04716972 1.42191382
v -0.26744303 0.05005848 1.41515939
v -0.26877698 0.05201474 1.40803594
v -0.26987641 0.05300207 1.40067615
v -0.31834704 0.05300207 0.97251896
v -0.31892071 0.05201474 0.96509965
v -0.31921296 0.05005848 0.95785827
v -0.31921835 0.04716972 0.95092970
v -0.31893676 0.04340228 0.94444301
v -0.31837344 0.03882633 0.93851904
v -0.31753890 0.03352713 0.93326814
v -0.31644867 0.02760338 0.92878812
v -0.31512306 0.02116542 0.92516243
v -0.31358677 0.01433320 0.92245863
v -0.31186841 0.00723398 0.92072706
v -0.25005763 0.00748917 1.44949098
v -0.25022943 0.01483882 1.44797340
v -0.25051221 0.02191206 1.44547552
v -0.25090069 0.02857712 1.44204389
v -0.25138765 0.03470984 1.43774242
v -0.25196401 0.04019598 1.43265124
v -0.25261903 0.04493334 1.42686519
v -0.25334052 0.04883369 1.42049206
v -0.25411503 0.05182435 1.41365056
v -0.25492813 0.05384962 1.40646814
v -0.25576469 0.05487178 1.39907860
v -0.30423531 0.05487178 0.97092140
v -0.30507187 0.05384962 0.96353186
v -0.30588497 0.05182435 0.95634944
v -0.30665948 0.04883369 0.94950794
v -0.30738097 0.04493334 0.94313481
v -0.30803599 0.04019598 0.93734876
v -0.30861235 0.03470984 0.93225758
v -0.30909931 0.02857712 0.92795611
v -0.30948779 0.02191206 0.92452448
v -0.30977057 0.01483882 0.92202660
v -0.30994237 0.00748917 0.92050902
v -0.24813159 0.00723398 1.44927294
v -0.24641323 0.01433320 1.44754137
v -0.24487694 0.02116542 1.44483757
v -0.24355133 0.02760338 1.44121188
v -0.24246110 0.03352713 1.43673186
v -0.24162656 0.03882633 1.43148096
v -0.24106324 0.04340228 1.42555699
v -0.24078165 0.04716972 1.41907030
v -0.24078704 0.05005848 1.41214173
v -0.24107929 0.05201474 1.40490035
v -0.24165296 0.05300207 1.39748104
v -0.29012359 0.05300207 0.96932385
v -0.29122302 0.05201474 0.96196406
v -0.29255697 0.05005848 0.95484061
v -0.29410061 0.04716972 0.94808618
v -0.29582517 0.04340228 0.94182660
v -0.29769854 0.03882633 0.93617848
v -0.29968580 0.03352713 0.93124703
v -0.30174995 0.02760338 0.92712411
v -0.30385253 0.02116542 0.92388652
v -0.30595438 0.01433320 0.92159458
v -0.30801634 0.00723398 0.92029098
v -0.24633681 0.00648581 1.44906975
v -0.24285711 0.01285080 1.44713879
v -0.23962571 0.01897640 1.44424309
v -0.23670282 0.02474851 1.44043658
v -0.23414288 0.03005960 1.43579018
v -0.23199358 0.03481074 1.43039044
v -0.23029496 0.03891342 1.42433794
v -0.22907865 0.04229121 1.41774543
v -0.22836732 0.04488120 1.41073573
v -0.22817421 0.04663514 1.40343940
v -0.22850293 0.04752036 1.39599236
v -0.27697356 0.04752036 0.96783517
v -0.27831795 0.04663514 0.96050311
v -0.28013726 0.04488120 0.95343460
v -0.28239761 0.04229121 0.94676131
v -0.28505689 0.03891342 0.94060755
v -0.28806556 0.03481074 0.93508796
v -0.29136758 0.03005960 0.93030535
v -0.29490144 0.02474851 0.92634881
v -0.29860130 0.01897640 0.92329204
v -0.30239825 0.01285080 0.92119200
v -0.30622156 0.00648581 0.92008780
v -0.24479560 0.00529564 1.44889528
v -0.23980339 0.01049263 1.44679309
v -0.23511638 0.01549417 1.44373260
v -0.23082187 0.02020707 1.43977081
v -0.22699987 0.02454356 1.43498154
v -0.22372156 0.02842285 1.42945398
v -0.22104802 0.03177267 1.42329112
v -0.21902906 0.03453063 1.41660774
v -0.21770227 0.03664535 1.40952836
v -0.21709238 0.03807743 1.40218485
v -0.21721074 0.03880021 1.39471400
v -0.26568137 0.03880021 0.96655681
v -0.26723611 0.03807743 0.95924856
v -0.26947221 0.03664535 0.95222724
v -0.27234801 0.03453063 0.94562362
v -0.27580996 0.03177267 0.93956073
v -0.27979354 0.02842285 0.93415150
v -0.28422457 0.02454356 0.92949670
v -0.28902049 0.02020707 0.92568304
v -0.29409197 0.01549417 0.92278155
v -0.29934454 0.01049263 0.92084630
v -0.30468035 0.00529564 0.91991332
v -0.24361298 0.00374458 1.44876140
v -0.23746019 0.00741941 1.44652782
v -0.23165625 0.01095603 1.44334089
v -0.22630926 0.01428856 1.43925995
v -0.22151884 0.01735492 1.43436104
v -0.21737422 0.02009799 1.42873541
v -0.21395260 0.02246667 1.42248786
v -0.21131773 0.02441684 1.41573476
v -0.20951869 0.02591218 1.40860192
v -0.20858899 0.02692481 1.40122220
v -0.20854594 0.02743589 1.39373308
v -0.25701657 0.02743589 0.96557588
v -0.25873272 0.02692481 0.95828592
v -0.26128863 0.02591218 0.95130079
v -0.26463669 0.02441684 0.94475064
v -0.26871453 0.02246667 0.93875747
v -0.27344620 0.02009799 0.93343293
v -0.27874354 0.01735492 0.92887621
v -0.28450788 0.01428856 0.92517218
v -0.29063184 0.01095603 0.92238984
v -0.29700134 0.00741941 0.92058103
v -0.30349773 0.00374458 0.91977944
v -0.24286956 0.00193834 1.44867724
v -0.23598720 0.00384057 1.44636107
v -0.22948112 0.00567126 1.44309464
v -0.22347252 0.00739630 1.43893881
v -0.21807332 0.00898357 1.43397098
v -0.21338411 0.01040348 1.42828370
v -0.20949223 0.01162961 1.42198291
v -0.20647019 0.01263909 1.41518599
v -0.20437427 0.01341313 1.40801953
v -0.20324353 0.01393731 1.40061706
v -0.20309902 0.01420186 1.39311645
v -0.25156965 0.01420186 0.96495925
v -0.25338726 0.01393731 0.95768077
v -0.25614421 0.01341313 0.95071841
v -0.25978915 0.01263909 0.94420186
v -0.26425416 0.01162961 0.93825253
v -0.26945609 0.01040348 0.93298122
v -0.27529802 0.00898357 0.92848615
v -0.28167113 0.00739630 0.92485104
v -0.28845671 0.00567126 0.92214360
v -0.29552834 0.00384057 0.92041428
v -0.30275431 0.00193834 0.91969528
v -0.24261599 0.00000000 1.44864853
v -0.23548479 0.00000000 1.44630419
v -0.22873922 0.00000000 1.44301066
v -0.22250495 0.00000000 1.43882928
v -0.21689812 0.00000000 1.43383794
v -0.21202316 0.00000000 1.42812963
v -0.20797088 0.00000000 1.42181069
v -0.20481678 0.00000000 1.41499881
v -0.20261961 0.00000000 1.40782089
v -0.20142030 0.00000000 1.40041065
v -0.20124118 0.00000000 1.39290612
v -0.24971180 0.00000000 0.96474893
v -0.25156403 0.00000000 0.95747437
v -0.25438955 0.00000000 0.95051977
v -0.25813574 0.00000000 0.94401469
v -0.26273281 0.00000000 0.93808030
v -0.26809514 0.00000000 0.93282715
v -0.27412282 0.00000000 0.92835311
v -0.28070357 0.00000000 0.92474150
v -0.28771481 0.00000000 0.92205961
v -0.29502593 0.00000000 0.92035740
v -0.30250074 0.00000000 0.91966657
v -0.24286956 -0.00193834 1.44867724
v -0.23598720 -0.00384057 1.44636107
v -0.22948112 -0.00567126 1.44309464
v -0.22347252 -0.00739630 1.43893881
v -0.21807332 -0.00898357 1.43397098
v -0.21338411 -0.01040348 1.42828370
v -0.20949223 -0.01162961 1.42198291
v -0.20647019 -0.01263909 1.41518599
v -0.20437427 -0.01341313 1.40801953
v -0.20324353 -0.01393731 1.40061706
v -0.20309902 -0.01420186 1.39311645
v -0.25156965 -0.01420186 0.96495925
v -0.25338726 -0.01393731 0.95768077
v -0.25614421 -0.01341313 0.95071841
v -0.25978915 -0.01263909 0.94420186
v -0.26425416 -0.01162961 0.93825253
v -0.26945609 -0.01040348 0.93298122
v -0.27529802 -0.00898357 0.92848615
v -0.28167113 -0.00739630 0.92485104
v -0.28845671 -0.00567126 0.92214360
v -0.29552834 -0.00384057 0.92041428
v -0.30275431 -0.00193834 0.91969528
v -0.24361298 -0.00374458 1.44876140
v -0.23746019 -0.00741941 1.44652782
v -0.23165625 -0.01095603 1.44334089
v -0.22630926 -0.01428856 1.43925995
v -0.22151884 -0.01735492 1.43436104
v -0.21737422 -0.02009799 1.42873541
v -0.21395260 -0.02246667 1.42248786
v -0.21131773 -0.02441684 1.41573476
v -0.20951869 -0.02591218 1.40860192
v -0.20858899 -0.02692481 1.40122220
v -0.20854594 -0.02743589 1.39373308
v -0.25701657 -0.02743589 0.96557588
v -0.25873272 -0.02692481 0.95828592
v -0.26128863 -0.02591218 0.95130079
v -0.26463669 -0.02441684 0.94475064
v -0.26871453 -0.02246667 0.93875747
v -0.27344620 -0.02009799 0.93343293
v -0.27874354 -0.01735492 0.92887621
v -0.28450788 -0.01428856 0.92517218
v -0.29063184 -0.01095603 0.92238984
v -0.29700134 -0.00741941 0.92058103
v -0.30349773 -0.00374458 0.91977944
v -0.24479560 -0.00529564 1.44889528
v -0.23980339 -0.01049263 1.44679309
v -0.23511638 -0.01549417 1.44373260
v -0.23082187 -0.02020707 1.43977081
v -0.22699987 -0.02454356 1.43498154
v -0.22372156 -0.02842285 1.42945398
v -0.22104802 -0.03177267 1.42329112
v -0.21902906 -0.03453063 1.41660774
v -0.21770227 -0.03664535 1.40952836
v -0.21709238 -0.03807743 1.40218485
v -0.21721074 -0.03880021 1.39471400
v -0.26568137 -0.03880021 0.96655681
v -0.26723611 -0.03807743 0.95924856
v -0.26947221 -0.03664535 0.95222724
v -0.27234801 -0.03453063 0.94562362
v -0.27580996 -0.03177267 0.93956073
v -0.27979354 -0.02842285 0.93415150
v -0.28422457 -0.02454356 0.92949670
v -0.28902049 -0.02020707 0.92568304
v -0.29409197 -0.01549417 0.92278155
v -0.29934454 -0.01049263 0.92084630
v -0.30468035 -0.00529564 0.91991332
v -0.24633681 -0.00648581 1.44906975
v -0.24285711 -0.01285080 1.44713879
v -0.23962571 -0.01897640 1.44424309
v -0.23670282 -0.02474851 1.44043658
v -0.23414288 -0.03005960 1.43579018
v -0.23199358 -0.03481074 1.43039044
v -0.23029496 -0.03891342 1.42433794
v -0.22907865 -0.04229121 1.41774543
v -0.22836732 -0.04488120 1.41073573
v -0.22817421 -0.04663514 1.40343940
v -0.22850293 -0.04752036 1.39599236
v -0.27697356 -0.04752036 0.96783517
v -0.27831795 -0.04663514 0.96050311
v -0.28013726 -0.04488120 0.95343460
v -0.28239761 -0.04229121 0.94676131
v -0.28505689 -0.03891342 0.94060755
v -0.28806556 -0.03481074 0.93508796
v -0.29136758 -0.03005960 0.93030535
v -0.29490144 -0.02474851 0.92634881
v -0.29860130 -0.01897640 0.92329204
v -0.30239825 -0.01285080 0.92119200
v -0.30622156 -0.00648581 0.92008780
v -0.24813159 -0.00723398 1.44927294
v -0.24641323 -0.01433320 1.44754137
v -0.24487694 -0.02116542 1.44483757
v -0.24355133 -0.02760338 1.44121188
v -0.24246110 -0.03352713 1.43673186
v -0.24162656 -0.03882633 1.43148096
v -0.24106324 -0.04340228 1.42555699
v -0.24078165 -0.04716972 1.41907030
v -0.24078704 -0.05005848 1.41214173
v -0.24107929 -0.05201474 1.40490035
v -0.24165296 -0.05300207 1.39748104
v -0.29012359 -0.05300207 0.96932385
v -0.29122302 -0.05201474 0.96196406
v -0.29255697 -0.05005848 0.95484061
v -0.29410061 -0.04716972 0.94808618
v -0.29582517 -0.04340228 0.94182660
v -0.29769854 -0.03882633 0.93617848
v -0.29968580 -0.03352713 0.93124703
v -0.30174995 -0.02760338 0.92712411
v -0.30385253 -0.02116542 0.92388652
v -0.30595438 -0.01433320 0.92159458
v -0.30801634 -0.00723398 0.92029098
v -0.25005763 -0.00748917 1.44949098
v -0.25022943 -0.01483882 1.44797340
v -0.25051221 -0.02191206 1.44547552
v -0.25090069 -0.02857712 1.44204389
v -0.25138765 -0.03470984 1.43774242
v -0.25196401 -0.04019598 1.43265124
v -0.25261903 -0.04493334 1.42686519
v -0.25334052 -0.04883369 1.42049206
v -0.25411503 -0.05182435 1.41365056
v -0.25492813 -0.05384962 1.40646814
v -0.25576469 -0.05487178 1.39907860
v -0.30423531 -0.05487178 0.97092140
v -0.30507187 -0.05384962 0.96353186
v -0.30588497 -0.05182435 0.95634944
v -0.30665948 -0.04883369 0.94950794
v -0.30738097 -0.04493334 0.94313481
v -0.30803599 -0.04019598 0.93734876
v -0.30861235 -0.03470984 0.93225758
v -0.30909931 -0.02857712 0.92795611
v -0.30948779 -0.02191206 0.92452448
v -0.30977057 -0.01483882 0.92202660
v -0.30994237 -0.00748917 0.92050902
v -0.25198366 -0.00723398 1.44970902
v -0.25404562 -0.01433320 1.44840542
v -0.25614747 -0.02116542 1.44611348
v -0.25825005 -0.02760338 1.44287589
v -0.26031420 -0.03352713 1.43875297
v -0.26230146 -0.03882633 1.43382152
v -0.26417483 -0.04340228 1.42817340
v -0.26589939 -0.04716972 1.42191382
v -0.26744303 -0.05005848 1.41515939
v -0.26877698 -0.05201474 1.40803594
v -0.26987641 -0.05300207 1.40067615
v -0.31834704 -0.05300207 0.97251896
v -0.31892071 -0.05201474 0.96509965
v -0.31921296 -0.05005848 0.95785827
v -0.31921835 -0.04716972 0.95092970
v -0.31893676 -0.04340228 0.94444301
v -0.31837344 -0.03882633 0.93851904
v -0.31753890 -0.03352713 0.93326814
v -0.31644867 -0.02760338 0.92878812
v -0.31512306 -0.02116542 0.92516243
v -0.31358677 -0.01433320 0.92245863
v -0.31186841 -0.00723398 0.92072706
v -0.25377844 -0.00648581 1.44991220
v -0.25760175 -0.01285080 1.44880800
v -0.26139870 -0.01897640 1.44670796
v -0.26509856 -0.02474851 1.44365119
v -0.26863242 -0.03005960 1.43969465
v -0.27193444 -0.03481074 1.43491204
v -0.27494311 -0.03891342 1.42939245
v -0.27760239 -0.04229121 1.42323869
v -0.27986274 -0.04488120 1.41656540
v -0.28168205 -0.04663514 1.40949689
v -0.28302644 -0.04752036 1.40216483
v -0.33149707 -0.04752036 0.97400764
v -0.33182579 -0.04663514 0.96656060
v -0.33163268 -0.04488120 0.95926427
v -0.33092135 -0.04229121 0.95225457
v -0.32970504 -0.03891342 0.94566206
v -0.32800642 -0.03481074 0.93960956
v -0.32585712 -0.03005960 0.93420982
v -0.32329718 -0.02474851 0.92956342
v -0.32037429 -0.01897640 0.92575691
v -0.31714289 -0.01285080 0.92286121
v -0.31366319 -0.00648581 0.92093025
v -0.25531965 -0.00529564 1.45008668
v -0.26065546 -0.01049263 1.44915370
v -0.26590803 -0.01549417 1.44721845
v -0.27097951 -0.02020707 1.44431696
v -0.27577543 -0.02454356 1.44050330
v -0.28020646 -0.02842285 1.43584850
v -0.28419004 -0.03177267 1.43043927
v -0.28765199 -0.03453063 1.42437638
v -0.29052779 -0.03664535 1.41777276
v -0.29276389 -0.03807743 1.41075144
v -0.29431863 -0.03880021 1.40344319
v -0.34278926 -0.03880021 0.97528600
v -0.34290762 -0.03807743 0.96781515
v -0.34229773 -0.03664535 0.96047164
v -0.34097094 -0.03453063 0.95339226
v -0.33895198 -0.03177267 0.94670888
v -0.33627844 -0.02842285 0.94054602
v -0.33300013 -0.02454356 0.93501846
v -0.32917813 -0.02020707 0.93022919
v -0.32488362 -0.01549417 0.92626740
v -0.32019661 -0.01049263 0.92320691
v -0.31520440 -0.00529564 0.92110472
v -0.25650227 -0.00374458 1.45022056
v -0.26299866 -0.00741941 1.44941897
v -0.26936816 -0.01095603 1.44761016
v -0.27549212 -0.01428856 1.44482782
v -0.28125646 -0.01735492 1.44112379
v -0.28655380 -0.02009799 1.43656707
v -0.29128547 -0.02246667 1.43124253
v -0.29536331 -0.02441684 1.42524936
v -0.29871137 -0.02591218 1.41869921
v -0.30126728 -0.02692481 1.41171408
v -0.30298343 -0.02743589 1.40442412
v -0.35145406 -0.02743589 0.97626692
v -0.35141101 -0.02692481 0.96877780
v -0.35048131 -0.02591218 0.96139808
v -0.34868227 -0.02441684 0.95426524
v -0.34604740 -0.02246667 0.94751214
v -0.34262578 -0.02009799 0.94126459
v -0.33848116 -0.01735492 0.93563896
v -0.33369074 -0.01428856 0.93074005
v -0.32834375 -0.01095603 0.92665911
v -0.32253981 -0.00741941 0.92347218
v -0.31638702 -0.00374458 0.92123860
v -0.25724569 -0.00193834 1.45030472
v -0.26447166 -0.00384057 1.44958572
v -0.27154329 -0.00567126 1.44785640
v -0.27832887 -0.00739630 1.44514896
v -0.28470198 -0.00898357 1.44151385
v -0.29054391 -0.01040348 1.43701878
v -0.29574584 -0.01162961 1.43174747
v -0.30021085 -0.01263909 1.42579814
v -0.30385579 -0.01341313 1.41928159
v -0.30661274 -0.01393731 1.41231923
v -0.30843035 -0.01420186 1.40504075
v -0.35690098 -0.01420186 0.97688355
v -0.35675647 -0.01393731 0.96938294
v -0.35562573 -0.01341313 0.96198047
v -0.35352981 -0.01263909 0.95481401
v -0.35050777 -0.01162961 0.94801709
v -0.34661589 -0.01040348 0.94171630
v -0.34192668 -0.00898357 0.93602902
v -0.33652748 -0.00739630 0.93106119
v -0.33051888 -0.00567126 0.92690536
v -0.32401280 -0.00384057 0.92363893
v -0.31713044 -0.00193834 0.92132276
v 0.25000000 0.00000000 1.45000000
v 0.24261599 0.00000000 1.44864853
v 0.23548479 0.00000000 1.44630419
v 0.22873922 0.00000000 1.44301066
v 0.22250495 0.00000000 1.43882928
v 0.21689812 0.00000000 1.43383794
v 0.21202316 0.00000000 1.42812963
v 0.20797088 0.00000000 1.42181069
v 0.20481678 0.00000000 1.41499881
v 0.20261961 0.00000000 1.40782089
v 0.20142030 0.00000000 1.40041065
v 0.20124118 0.00000000 1.39290612
v 0.24971180 0.00000000 0.96474893
v 0.25156403 0.00000000 0.95747437
v 0.25438955 0.00000000 0.95051977
v 0.25813574 0.00000000 0.94401469
v 0.26273281 0.00000000 0.93808030
v 0.26809514 0.00000000 0.93282715
v 0.27412282 0.00000000 0.92835311
v 0.28070357 0.00000000 0.92474150
v 0.28771481 0.00000000 0.92205961
v 0.29502593 0.00000000 0.92035740
v 0.30250074 0.00000000 0.91966657
v 0.31000000 0.00000000 0.92000000
v 0.24286956 0.00193834 1.44867724
v 0.23598720 0.00384057 1.44636107
v 0.22948112 0.00567126 1.44309464
v 0.22347252 0.00739630 1.43893881
v 0.21807332 0.00898357 1.43397098
v 0.21338411 0.01040348 1.42828370
v 0.20949223 0.01162961 1.42198291
v 0.20647019 0.01263909 1.41518599
v 0.20437427 0.01341313 1.40801953
v 0.20324353 0.01393731 1.40061706
v 0.20309902 0.01420186 1.39311645
v 0.25156965 0.01420186 0.96495925
v 0.25338726 0.01393731 0.95768077
v 0.25614421 0.01341313 0.95071841
v 0.25978915 0.01263909 0.94420186
v 0.26425416 0.01162961 0.93825253
v 0.26945609 0.01040348 0.93298122
v 0.27529802 0.00898357 0.92848615
v 0.28167113 0.00739630 0.92485104
v 0.28845671 0.00567126 0.92214360
v 0.29552834 0.00384057 0.92041428
v 0.30275431 0.00193834 0.91969528
v 0.24361298 0.00374458 1.44876140
v 0.23746019 0.00741941 1.44652782
v 0.23165625 0.01095603 1.44334089
v 0.22630926 0.01428856 1.43925995
v 0.22151884 0.01735492 1.43436104
v 0.21737422 0.02009799 1.42873541
v 0.21395260 0.02246667 1.42248786
v 0.21131773 0.02441684 1.41573476
v 0.20951869 0.02591218 1.40860192
v 0.20858899 0.02692481 1.40122220
v 0.20854594 0.02743589 1.39373308
v 0.25701657 0.02743589 0.96557588
v 0.25873272 0.02692481 0.95828592
v 0.26128863 0.02591218 0.95130079
v 0.26463669 0.02441684 0.94475064
v 0.26871453 0.02246667 0.93875747
v 0.27344620 0.02009799 0.93343293
v 0.27874354 0.01735492 0.92887621
v 0.28450788 0.01428856 0.92517218
v 0.29063184 0.01095603 0.92238984
v 0.29700134 0.00741941 0.92058103
v 0.30349773 0.00374458 0.91977944
v 0.24479560 0.00529564 1.44889528
v 0.23980339 0.01049263 1.44679309
v 0.23511638 0.01549417 1.44373260
v 0.23082187 0.02020707 1.43977081
v 0.22699987 0.02454356 1.43498154
v 0.22372156 0.02842285 1.42945398
v 0.22104802 0.03177267 1.42329112
v 0.21902906 0.03453063 1.41660774
v 0.21770227 0.03664535 1.40952836
v 0.21709238 0.03807743 1.40218485
v 0.21721074 0.03880021 1.39471400
v 0.26568137 0.03880021 0.96655681
v 0.26723611 0.03807743 0.95924856
v 0.26947221 0.03664535 0.95222724
v 0.27234801 0.03453063 0.94562362
v 0.27580996 0.03177267 0.93956073
v 0.27979354 0.02842285 0.93415150
v 0.28422457 0.02454356 0.92949670
v 0.28902049 0.02020707 0.92568304
v 0.29409197 0.01549417 0.92278155
v 0.29934454 0.01049263 0.92084630
v 0.30468035 0.00529564 0.91991332
v 0.24633681 0.00648581 1.44906975
v 0.24285711 0.01285080 1.44713879
v 0.23962571 0.01897640 1.44424309
v 0.23670282 0.02474851 1.44043658
v 0.23414288 0.03005960 1.43579018
v 0.23199358 0.03481074 1.43039044
v 0.23029496 0.03891342 1.42433794
v 0.22907865 0.04229121 1.41774543
v 0.22836732 0.04488120 1.41073573
v 0.22817421 0.04663514 1.40343940
v 0.22850293 0.04752036 1.39599236
v 0.27697356 0.04752036 0.96783517
v 0.27831795 0.04663514 0.96050311
v 0.28013726 0.04488120 0.95343460
v 0.28239761 0.04229121 0.94676131
v 0.28505689 0.03891342 0.94060755
v 0.28806556 0.03481074 0.93508796
v 0.29136758 0.03005960 0.93030535
v 0.29490144 0.02474851 0.92634881
v 0.29860130 0.01897640 0.92329204
v 0.30239825 0.01285080 0.92119200
v 0.30622156 0.00648581 0.92008780
v 0.24813159 0.00723398 1.44927294
v 0.24641323 0.01433320 1.44754137
v 0.24487694 0.02116542 1.44483757
v 0.24355133 0.02760338 1.44121188
v 0.24246110 0.03352713 1.43673186
v 0.24162656 0.03882633 1.43148096
v 0.24106324 0.04340228 1.42555699
v 0.24078165 0.04716972 1.41907030
v 0.24078704 0.05005848 1.41214173
v 0.24107929 0.05201474 1.40490035
v 0.24165296 0.05300207 1.39748104
v 0.29012359 0.05300207 0.96932385
v 0.29122302 0.05201474 0.96196406
v 0.29255697 0.05005848 0.95484061
v 0.29410061 0.04716972 0.94808618
v 0.29582517 0.04340228 0.94182660
v 0.29769854 0.03882633 0.93617848
v 0.29968580 0.03352713 0.93124703
v 0.30174995 0.02760338 0.92712411
v 0.30385253 0.02116542 0.92388652
v 0.30595438 0.01433320 0.92159458
v 0.30801634 0.00723398 0.92029098
v 0.25005763 0.00748917 1.44949098
v 0.25022943 0.01483882 1.44797340
v 0.25051221 0.02191206 1.44547552
v 0.25090069 0.02857712 1.44204389
v 0.25138765 0.03470984 1.43774242
v 0.25196401 0.04019598 1.43265124
v 0.25261903 0.04493334 1.42686519
v 0.25334052 0.04883369 1.42049206
v 0.25411503 0.05182435 1.41365056
v 0.25492813 0.05384962 1.40646814
v 0.25576469 0.05487178 1.39907860
v 0.30423531 0.05487178 0.97092140
v 0.30507187 0.05384962 0.96353186
v 0.30588497 0.05182435 0.95634944
v 0.30665948 0.04883369 0.94950794
v 0.30738097 0.04493334 0.94313481
v 0.30803599 0.04019598 0.93734876
v 0.30861235 0.03470984 0.93225758
v 0.30909931 0.02857712 0.92795611
v 0.30948779 0.02191206 0.92452448
v 0.30977057 0.01483882 0.92202660
v 0.30994237 0.00748917 0.92050902
v 0.25198366 0.00723398 1.44970902
v 0.25404562 0.01433320 1.44840542
v 0.25614747 0.02116542 1.44611348
v 0.25825005 0.02760338 1.44287589
v 0.26031420 0.03352713 1.43875297
v 0.26230146 0.03882633 1.43382152
v 0.26417483 0.04340228 1.42817340
v 0.26589939 0.04716972 1.42191382
v 0.26744303 0.05005848 1.41515939
v 0.26877698 0.05201474 1.40803594
v 0.26987641 0.05300207 1.40067615
v 0.31834704 0.05300207 0.97251896
v 0.31892071 0.05201474 0.96509965
v 0.31921296 0.05005848 0.95785827
v 0.31921835 0.04716972 0.95092970
v 0.31893676 0.04340228 0.94444301
v 0.31837344 0.03882633 0.93851904
v 0.31753890 0.03352713 0.93326814
v 0.31644867 0.02760338 0.92878812
v 0.31512306 0.02116542 0.92516243
v 0.31358677 0.01433320 0.92245863
v 0.31186841 0.00723398 0.92072706
v 0.25377844 0.00648581 1.44991220
v 0.25760175 0.01285080 1.44880800
v 0.26139870 0.01897640 1.44670796
v 0.26509856 0.02474851 1.44365119
v 0.26863242 0.03005960 1.43969465
v 0.27193444 0.03481074 1.43491204
v 0.27494311 0.03891342 1.42939245
v 0.27760239 0.04229121 1.42323869
v 0.27986274 0.04488120 1.41656540
v 0.28168205 0.04663514 1.40949689
v 0.28302644 0.04752036 1.40216483
v 0.33149707 0.04752036 0.97400764
v 0.33182579 0.04663514 0.96656060
v 0.33163268 0.04488120 0.95926427
v 0.33092135 0.04229121 0.95225457
v 0.32970504 0.03891342 0.94566206
v 0.32800642 0.03481074 0.93960956
v 0.32585712 0.03005960 0.93420982
v 0.32329718 0.02474851 0.92956342
v 0.32037429 0.01897640 0.92575691
v 0.31714289 0.01285080 0.92286121
v 0.31366319 0.00648581 0.92093025
v 0.25531965 0.00529564 1.45008668
v 0.26065546 0.01049263 1.44915370
v 0.26590803 0.01549417 1.44721845
v 0.27097951 0.02020707 1.44431696
v 0.27577543 0.02454356 1.44050330
v 0.28020646 0.02842285 1.43584850
v 0.28419004 0.03177267 1.43043927
v 0.28765199 0.03453063 1.42437638
v 0.29052779 0.03664535 1.41777276
v 0.29276389 0.03807743 1.41075144
v 0.29431863 0.03880021 1.40344319
v 0.34278926 0.03880021 0.97528600
v 0.34290762 0.03807743 0.96781515
v 0.34229773 0.03664535 0.96047164
v 0.34097094 0.03453063 0.95339226
v 0.33895198 0.03177267 0.94670888
v 0.33627844 0.02842285 0.94054602
v 0.33300013 0.02454356 0.93501846
v 0.32917813 0.02020707 0.93022919
v 0.32488362 0.01549417 0.92626740
v 0.32019661 0.01049263 0.92320691
v 0.31520440 0.00529564 0.92110472
v 0.25650227 0.00374458 1.45022056
v 0.26299866 0.00741941 1.44941897
v 0.26936816 0.01095603 1.44761016
v 0.27549212 0.01428856 1.44482782
v 0.28125646 0.01735492 1.44112379
v 0.28655380 0.02009799 1.43656707
v 0.29128547 0.02246667 1.43124253
v 0.29536331 0.02441684 1.42524936
v 0.29871137 0.02591218 1.41869921
v 0.30126728 0.02692481 1.41171408
v 0.30298343 0.02743589 1.40442412
v 0.35145406 0.02743589 0.97626692
v 0.35141101 0.02692481 0.96877780
v 0.35048131 0.02591218 0.96139808
v 0.34868227 0.02441684 0.95426524
v 0.34604740 0.02246667 0.94751214
v 0.34262578 0.02009799 0.94126459
v 0.33848116 0.01735492 0.93563896
v 0.33369074 0.01428856 0.93074005
v 0.32834375 0.01095603 0.92665911
v 0.32253981 0.00741941 0.92347218
v 0.31638702 0.00374458 0.92123860
v 0.25724569 0.00193834 1.45030472
v 0.26447166 0.00384057 1.44958572
v 0.27154329 0.00567126 1.44785640
v 0.27832887 0.00739630 1.44514896
v 0.28470198 0.00898357 1.44151385
v 0.29054391 0.01040348 1.43701878
v 0.29574584 0.01162961 1.43174747
v 0.30021085 0.01263909 1.42579814
v 0.30385579 0.01341313 1.41928159
v 0.30661274 0.01393731 1.41231923
v 0.30843035 0.01420186 1.40504075
v 0.35690098 0.01420186 0.97688355
v 0.35675647 0.01393731 0.96938294
v 0.35562573 0.01341313 0.96198047
v 0.35352981 0.01263909 0.95481401
v 0.35050777 0.01162961 0.94801709
v 0.34661589 0.01040348 0.94171630
v 0.34192668 0.00898357 0.93602902
v 0.33652748 0.00739630 0.93106119
v 0.33051888 0.00567126 0.92690536
v 0.32401280 0.00384057 0.92363893
v 0.31713044 0.00193834 0.92132276
v 0.25749926 0.00000000 1.45033343
v 0.26497407 0.00000000 1.44964260
v 0.27228519 0.00000000 1.44794039
v 0.27929643 0.00000000 1.44525850
v 0.28587718 0.00000000 1.44164689
v 0.29190486 0.00000000 1.43717285
v 0.29726719 0.00000000 1.43191970
v 0.30186426 0.00000000 1.42598531
v 0.30561045 0.00000000 1.41948023
v 0.30843597 0.00000000 1.41252563
v 0.31028820 0.00000000 1.40525107
v 0.35875882 0.00000000 0.97709388
v 0.35857970 0.00000000 0.96958935
v 0.35738039 0.00000000 0.96217911
v 0.35518322 0.00000000 0.95500119
v 0.35202912 0.00000000 0.94818931
v 0.34797684 0.00000000 0.94187037
v 0.34310188 0.00000000 0.93616206
v 0.33749505 0.00000000 0.93117072
v 0.33126078 0.00000000 0.92698934
v 0.32451521 0.00000000 0.92369581
v 0.31738401 0.00000000 0.92135147
v 0.25724569 -0.00193834 1.45030472
v 0.26447166 -0.00384057 1.44958572
v 0.27154329 -0.00567126 1.44785640
v 0.27832887 -0.00739630 1.44514896
v 0.28470198 -0.00898357 1.44151385
v 0.29054391 -0.01040348 1.43701878
v 0.29574584 -0.01162961 1.43174747
v 0.30021085 -0.01263909 1.42579814
v 0.30385579 -0.01341313 1.41928159
v 0.30661274 -0.01393731 1.41231923
v 0.30843035 -0.01420186 1.40504075
v 0.35690098 -0.01420186 0.97688355
v 0.35675647 -0.01393731 0.96938294
v 0.35562573 -0.01341313 0.96198047
v 0.35352981 -0.01263909 0.95481401
v 0.35050777 -0.01162961 0.94801709
v 0.34661589 -0.01040348 0.94171630
v 0.34192668 -0.00898357 0.93602902
v 0.33652748 -0.00739630 0.93106119
v 0.33051888 -0.00567126 0.92690536
v 0.32401280 -0.00384057 0.92363893
v 0.31713044 -0.00193834 0.92132276
v 0.25650227 -0.00374458 1.45022056
v 0.26299866 -0.00741941 1.44941897
v 0.26936816 -0.01095603 1.44761016
v 0.27549212 -0.01428856 1.44482782
v 0.28125646 -0.01735492 1.44112379
v 0.28655380 -0.02009799 1.43656707
v 0.29128547 -0.02246667 1.43124253
v 0.29536331 -0.02441684 1.42524936
v 0.29871137 -0.02591218 1.41869921
v 0.30126728 -0.02692481 1.41171408
v 0.30298343 -0.02743589 1.40442412
v 0.35145406 -0.02743589 0.97626692
v 0.35141101 -0.02692481 0.96877780
v 0.35048131 -0.02591218 0.96139808
v 0.34868227 -0.02441684 0.95426524
v 0.34604740 -0.02246667 0.94751214
v 0.34262578 -0.02009799 0.94126459
v 0.33848116 -0.01735492 0.93563896
v 0.33369074 -0.01428856 0.93074005
v 0.32834375 -0.01095603 0.92665911
v 0.32253981 -0.00741941 0.92347218
v 0.31638702 -0.00374458 0.92123860
v 0.25531965 -0.00529564 1.45008668
v 0.26065546 -0.01049263 1.44915370
v 0.26590803 -0.01549417 1.44721845
v 0.27097951 -0.02020707 1.44431696
v 0.27577543 -0.02454356 1.44050330
v 0.28020646 -0.02842285 1.43584850
v 0.28419004 -0.03177267 1.43043927
v 0.28765199 -0.03453063 1.42437638
v 0.29052779 -0.03664535 1.41777276
v 0.29276389 -0.03807743 1.41075144
v 0.29431863 -0.03880021 1.40344319
v 0.34278926 -0.03880021 0.97528600
v 0.34290762 -0.03807743 0.96781515
v 0.34229773 -0.03664535 0.96047164
v 0.34097094 -0.03453063 0.95339226
v 0.33895198 -0.03177267 0.94670888
v 0.33627844 -0.02842285 0.94054602
v 0.33300013 -0.02454356 0.93501846
v 0.32917813 -0.02020707 0.93022919
v 0.32488362 -0.01549417 0.92626740
v 0.32019661 -0.01049263 0.92320691
v 0.31520440 -0.00529564 0.92110472
v 0.25377844 -0.00648581 1.44991220
v 0.25760175 -0.01285080 1.44880800
v 0.26139870 -0.01897640 1.44670796
v 0.26509856 -0.02474851 1.44365119
v 0.26863242 -0.03005960 1.43969465
v 0.27193444 -0.03481074 1.43491204
v 0.27494311 -0.03891342 1.42939245
v 0.27760239 -0.04229121 1.42323869
v 0.27986274 -0.04488120 1.41656540
v 0.28168205 -0.04663514 1.40949689
v 0.28302644 -0.04752036 1.40216483
v 0.33149707 -0.04752036 0.97400764
v 0.33182579 -0.04663514 0.96656060
v 0.33163268 -0.04488120 0.95926427
v 0.33092135 -0.04229121 0.95225457
v 0.32970504 -0.03891342 0.94566206
v 0.32800642 -0.03481074 0.93960956
v 0.32585712 -0.03005960 0.93420982
v 0.32329718 -0.02474851 0.92956342
v 0.32037429 -0.01897640 0.92575691
v 0.31714289 -0.01285080 0.92286121
v 0.31366319 -0.00648581 0.92093025
v 0.25198366 -0.00723398 1.44970902
v 0.25404562 -0.01433320 1.44840542
v 0.25614747 -0.02116542 1.44611348
v 0.25825005 -0.02760338 1.44287589
v 0.26031420 -0.03352713 1.43875297
v 0.26230146 -0.03882633 1.43382152
v 0.26417483 -0.04340228 1.42817340
v 0.26589939 -0.04716972 1.42191382
v 0.26744303 -0.05005848 1.41515939
v 0.26877698 -0.05201474 1.40803594
v 0.26987641 -0.05300207 1.40067615
v 0.31834704 -0.05300207 0.97251896
v 0.31892071 -0.05201474 0.96509965
v 0.31921296 -0.05005848 0.95785827
v 0.31921835 -0.04716972 0.95092970
v 0.31893676 -0.04340228 0.94444301
v 0.31837344 -0.03882633 0.93851904
v 0.31753890 -0.03352713 0.93326814
v 0.31644867 -0.02760338 0.92878812
v 0.31512306 -0.02116542 0.92516243
v 0.31358677 -0.01433320 0.92245863
v 0.31186841 -0.00723398 0.92072706
v 0.25005763 -0.00748917 1.44949098
v 0.25022943 -0.01483882 1.44797340
v 0.25051221 -0.02191206 1.44547552
v 0.25090069 -0.02857712 1.44204389
v 0.25138765 -0.03470984 1.43774242
v 0.25196401 -0.04019598 1.43265124
v 0.25261903 -0.04493334 1.42686519
v 0.25334052 -0.04883369 1.42049206
v 0.25411503 -0.05182435 1.41365056
v 0.25492813 -0.05384962 1.40646814
v 0.25576469 -0.05487178 1.39907860
v 0.30423531 -0.05487178 0.97092140
v 0.30507187 -0.05384962 0.96353186
v 0.30588497 -0.05182435 0.95634944
v 0.30665948 -0.04883369 0.94950794
v 0.30738097 -0.04493334 0.94313481
v 0.30803599 -0.04019598 0.93734876
v 0.30861235 -0.03470984 0.93225758
v 0.30909931 -0.02857712 0.92795611
v 0.30948779 -0.02191206 0.92452448
v 0.30977057 -0.01483882 0.92202660
v 0.30994237 -0.00748917 0.92050902
v 0.24813159 -0.00723398 1.44927294
v 0.24641323 -0.01433320 1.44754137
v 0.24487694 -0.02116542 1.44483757
v 0.24355133 -0.02760338 1.44121188
v 0.24246110 -0.03352713 1.43673186
v 0.24162656 -0.03882633 1.43148096
v 0.24106324 -0.04340228 1.42555699
v 0.24078165 -0.04716972 1.41907030
v 0.24078704 -0.05005848 1.41214173
v 0.24107929 -0.05201474 1.40490035
v 0.24165296 -0.05300207 1.39748104
v 0.29012359 -0.05300207 0.96932385
v 0.29122302 -0.05201474 0.96196406
v 0.29255697 -0.05005848 0.95484061
v 0.29410061 -0.04716972 0.94808618
v 0.29582517 -0.04340228 0.94182660
v 0.29769854 -0.03882633 0.93617848
v 0.29968580 -0.03352713 0.93124703
v 0.30174995 -0.02760338 0.92712411
v 0.30385253 -0.02116542 0.92388652
v 0.30595438 -0.01433320 0.92159458
v 0.30801634 -0.00723398 0.92029098
v 0.24633681 -0.00648581 1.44906975
v 0.24285711 -0.01285080 1.44713879
v 0.23962571 -0.01897640 1.44424309
v 0.23670282 -0.02474851 1.44043658
v 0.23414288 -0.03005960 1.43579018
v 0.23199358 -0.03481074 1.43039044
v 0.23029496 -0.03891342 1.42433794
v 0.22907865 -0.04229121 1.41774543
v 0.22836732 -0.04488120 1.41073573
v 0.22817421 -0.04663514 1.40343940
v 0.22850293 -0.04752036 1.39599236
v 0.27697356 -0.04752036 0.96783517
v 0.27831795 -0.04663514 0.96050311
v 0.28013726 -0.04488120 0.95343460
v 0.28239761 -0.04229121 0.94676131
v 0.28505689 -0.03891342 0.94060755
v 0.28806556 -0.03481074 0.93508796
v 0.29136758 -0.03005960 0.93030535
v 0.29490144 -0.02474851 0.92634881
v 0.29860130 -0.01897640 0.92329204
v 0.30239825 -0.01285080 0.92119200
v 0.30622156 -0.00648581 0.92008780
v 0.24479560 -0.00529564 1.44889528
v 0.23980339 -0.01049263 1.44679309
v 0.23511638 -0.01549417 1.44373260
v 0.23082187 -0.02020707 1.43977081
v 0.22699987 -0.02454356 1.43498154
v 0.22372156 -0.02842285 1.42945398
v 0.22104802 -0.03177267 1.42329112
v 0.21902906 -0.03453063 1.41660774
v 0.21770227 -0.03664535 1.40952836
v 0.21709238 -0.03807743 1.40218485
v 0.21721074 -0.03880021 1.39471400
v 0.26568137 -0.03880021 0.96655681
v 0.26723611 -0.03807743 0.95924856
v 0.26947221 -0.03664535 0.95222724
v 0.27234801 -0.03453063 0.94562362
v 0.27580996 -0.03177267 0.93956073
v 0.27979354 -0.02842285 0.93415150
v 0.28422457 -0.02454356 0.92949670
v 0.28902049 -0.02020707 0.92568304
v 0.29409197 -0.01549417 0.92278155
v 0.29934454 -0.01049263 0.92084630
v 0.30468035 -0.00529564 0.91991332
v 0.24361298 -0.00374458 1.44876140
v 0.23746019 -0.00741941 1.44652782
v 0.23165625 -0.01095603 1.44334089
v 0.22630926 -0.01428856 1.43925995
v 0.22151884 -0.01735492 1.43436104
v 0.21737422 -0.02009799 1.42873541
v 0.21395260 -0.02246667 1.42248786
v 0.21131773 -0.02441684 1.41573476
v 0.20951869 -0.02591218 1.40860192
v 0.20858899 -0.02692481 1.40122220
v 0.20854594 -0.02743589 1.39373308
v 0.25701657 -0.02743589 0.96557588
v 0.25873272 -0.02692481 0.95828592
v 0.26128863 -0.02591218 0.95130079
v 0.26463669 -0.02441684 0.94475064
v 0.26871453 -0.02246667 0.93875747
v 0.27344620 -0.02009799 0.93343293
v 0.27874354 -0.01735492 0.92887621
v 0.28450788 -0.01428856 0.92517218
v 0.29063184 -0.01095603 0.92238984
v 0.29700134 -0.00741941 0.92058103
v 0.30349773 -0.00374458 0.91977944
v 0.24286956 -0.00193834 1.44867724
v 0.23598720 -0.00384057 1.44636107
v 0.22948112 -0.00567126 1.44309464
v 0.22347252 -0.00739630 1.43893881
v 0.21807332 -0.00898357 1.43397098
v 0.21338411 -0.01040348 1.42828370
v 0.20949223 -0.01162961 1.42198291
v 0.20647019 -0.01263909 1.41518599
v 0.20437427 -0.01341313 1.40801953
v 0.20324353 -0.01393731 1.40061706
v 0.20309902 -0.01420186 1.39311645
v 0.25156965 -0.01420186 0.96495925
v 0.25338726 -0.01393731 0.95768077
v 0.25614421 -0.01341313 0.95071841
v 0.25978915 -0.01263909 0.94420186
v 0.26425416 -0.01162961 0.93825253
v 0.26945609 -0.01040348 0.93298122
v 0.27529802 -0.00898357 0.92848615
v 0.28167113 -0.00739630 0.92485104
v 0.28845671 -0.00567126 0.92214360
v 0.29552834 -0.00384057 0.92041428
v 0.30275431 -0.00193834 0.91969528
v -0.34654387 0.05103905 0.87000000
v -0.28345613 0.05103905 0.87000000
v -0.34654387 -0.05103905 0.87000000
v -0.28345613 -0.05103905 0.87000000
v -0.31500000 -0.03154387 0.92103905
v -0.31500000 0.03154387 0.92103905
v -0.31500000 -0.03154387 0.81896095
v -0.31500000 0.03154387 0.81896095
v -0.26396095 0.00000000 0.83845613
v -0.26396095 0.00000000 0.90154387
v -0.36603905 0.00000000 0.83845613
v -0.36603905 0.00000000 0.90154387
v -0.31500000 0.06000000 0.87000000
v -0.31500000 -0.06000000 0.87000000
v -0.33354102 -0.04854102 0.90000000
v -0.29645898 -0.04854102 0.90000000
v -0.33354102 0.04854102 0.90000000
v -0.29645898 0.04854102 0.90000000
v -0.31500000 0.00000000 0.93000000
v -0.33354102 -0.04854102 0.84000000
v -0.29645898 -0.04854102 0.84000000
v -0.33354102 0.04854102 0.84000000
v -0.29645898 0.04854102 0.84000000
v -0.31500000 0.00000000 0.81000000
v -0.26645898 0.03000000 0.85145898
v -0.26645898 -0.03000000 0.85145898
v -0.28500000 -0.01854102 0.82145898
v -0.28500000 0.01854102 0.82145898
v -0.26645898 0.03000000 0.88854102
v -0.26645898 -0.03000000 0.88854102
v -0.28500000 -0.01854102 0.91854102
v -0.28500000 0.01854102 0.91854102
v -0.25500000 0.00000000 0.87000000
v -0.36354102 0.03000000 0.85145898
v -0.36354102 -0.03000000 0.85145898
v -0.34500000 -0.01854102 0.82145898
v -0.34500000 0.01854102 0.82145898
v -0.36354102 0.03000000 0.88854102
v -0.36354102 -0.03000000 0.88854102
v -0.34500000 -0.01854102 0.91854102
v -0.34500000 0.01854102 0.91854102
v -0.37500000 0.00000000 0.87000000
v -0.33139599 0.05771630 0.87000000
v -0.29860401 0.05771630 0.87000000
v -0.33139599 -0.05771630 0.87000000
v -0.29860401 -0.05771630 0.87000000
v -0.34103331 -0.05176011 0.88559351
v -0.32463732 -0.04162683 0.91212279
v -0.32474759 -0.05706339 0.88577193
v -0.28896669 -0.05176011 0.88559351
v -0.30536268 -0.04162683 0.91212279
v -0.30525241 -0.05706339 0.88577193
v -0.31500000 -0.05103905 0.90154387
v -0.34103331 0.05176011 0.88559351
v -0.32463732 0.04162683 0.91212279
v -0.32474759 0.05706339 0.88577193
v -0.28896669 0.05176011 0.88559351
v -0.30536268 0.04162683 0.91212279
v -0.30525241 0.05706339 0.88577193
v -0.31500000 0.05103905 0.90154387
v -0.31500000 -0.01639599 0.92771630
v -0.31500000 0.01639599 0.92771630
v -0.34103331 -0.05176011 0.85440649
v -0.32463732 -0.04162683 0.82787721
v -0.32474759 -0.05706339 0.85422807
v -0.28896669 -0.05176011 0.85440649
v -0.30536268 -0.04162683 0.82787721
v -0.30525241 -0.05706339 0.85422807
v -0.31500000 -0.05103905 0.83845613
v -0.34103331 0.05176011 0.85440649
v -0.32463732 0.04162683 0.82787721
v -0.32474759 0.05706339 0.85422807
v -0.28896669 0.05176011 0.85440649
v -0.30536268 0.04162683 0.82787721
v -0.30525241 0.05706339 0.85422807
v -0.31500000 0.05103905 0.83845613
v -0.31500000 -0.01639599 0.81228370
v -0.31500000 0.01639599 0.81228370
v -0.27337317 0.04212279 0.86036268
v -0.26323989 0.01559351 0.84396669
v -0.27973288 0.04129146 0.84448048
v -0.27337317 -0.04212279 0.86036268
v -0.26323989 -0.01559351 0.84396669
v -0.27973288 -0.04129146 0.84448048
v -0.29940649 -0.02603331 0.81823989
v -0.27287721 -0.00963732 0.82837317
v -0.28948048 -0.03526712 0.82870854
v -0.29922807 -0.00974759 0.81293661
v -0.27370854 -0.02551952 0.83473288
v -0.29940649 0.02603331 0.81823989
v -0.27287721 0.00963732 0.82837317
v -0.28948048 0.03526712 0.82870854
v -0.29922807 0.00974759 0.81293661
v -0.27370854 0.02551952 0.83473288
v -0.28345613 0.00000000 0.81896095
v -0.27337317 0.04212279 0.87963732
v -0.26323989 0.01559351 0.89603331
v -0.27973288 0.04129146 0.89551952
v -0.26396095 0.03154387 0.87000000
v -0.27337317 -0.04212279 0.87963732
v -0.26323989 -0.01559351 0.89603331
v -0.27973288 -0.04129146 0.89551952
v -0.26396095 -0.03154387 0.87000000
v -0.29940649 -0.02603331 0.92176011
v -0.27287721 -0.00963732 0.91162683
v -0.28948048 -0.03526712 0.91129146
v -0.29922807 -0.00974759 0.92706339
v -0.27370854 -0.02551952 0.90526712
v -0.29940649 0.02603331 0.92176011
v -0.27287721 0.00963732 0.91162683
v -0.28948048 0.03526712 0.91129146
v -0.29922807 0.00974759 0.92706339
v -0.27370854 0.02551952 0.90526712
v -0.28345613 0.00000000 0.92103905
v -0.25728370 0.00000000 0.85360401
v -0.25728370 0.00000000 0.88639599
v -0.25793661 0.01577193 0.86025241
v -0.25793661 -0.01577193 0.86025241
v -0.25793661 0.01577193 0.87974759
v -0.25793661 -0.01577193 0.87974759
v -0.35662683 0.04212279 0.86036268
v -0.36676011 0.01559351 0.84396669
v -0.35026712 0.04129146 0.84448048
v -0.35662683 -0.04212279 0.86036268
v -0.36676011 -0.01559351 0.84396669
v -0.35026712 -0.04129146 0.84448048
v -0.33059351 -0.02603331 0.81823989
v -0.35712279 -0.00963732 0.82837317
v -0.34051952 -0.03526712 0.82870854
v -0.33077193 -0.00974759 0.81293661
v -0.35629146 -0.02551952 0.83473288
v -0.33059351 0.02603331 0.81823989
v -0.35712279 0.00963732 0.82837317
v -0.34051952 0.03526712 0.82870854
v -0.33077193 0.00974759 0.81293661
v -0.35629146 0.02551952 0.83473288
v -0.34654387 0.00000000 0.81896095
v -0.35662683 0.04212279 0.87963732
v -0.36676011 0.01559351 0.89603331
v -0.35026712 0.04129146 0.89551952
v -0.36603905 0.03154387 0.87000000
v -0.35662683 -0.04212279 0.87963732
v -0.36676011 -0.01559351 0.89603331
v -0.35026712 -0.04129146 0.89551952
v -0.36603905 -0.03154387 0.87000000
v -0.33059351 -0.02603331 0.92176011
v -0.35712279 -0.00963732 0.91162683
v -0.34051952 -0.03526712 0.91129146
v -0.33077193 -0.00974759 0.92706339
v -0.35629146 -0.02551952 0.90526712
v -0.33059351 0.02603331 0.92176011
v -0.35712279 0.00963732 0.91162683
v -0.34051952 0.03526712 0.91129146
v -0.33077193 0.00974759 0.92706339
v -0.35629146 0.02551952 0.90526712
v -0.34654387 0.00000000 0.92103905
v -0.37271630 0.00000000 0.85360401
v -0.37271630 0.00000000 0.88639599
v -0.37206339 0.01577193 0.86025241
v -0.37206339 -0.01577193 0.86025241
v -0.37206339 0.01577193 0.87974759
v -0.37206339 -0.01577193 0.87974759
v 0.28345613 0.05103905 0.87000000
v 0.34654387 0.05103905 0.87000000
v 0.28345613 -0.05103905 0.87000000
v 0.34654387 -0.05103905 0.87000000
v 0.31500000 -0.03154387 0.92103905
v 0.31500000 0.03154387 0.92103905
v 0.31500000 -0.03154387 0.81896095
v 0.31500000 0.03154387 0.81896095
v 0.36603905 0.00000000 0.83845613
v 0.36603905 0.00000000 0.90154387
v 0.26396095 0.00000000 0.83845613
v 0.26396095 0.00000000 0.90154387
v 0.31500000 0.06000000 0.87000000
v 0.31500000 -0.06000000 0.87000000
v 0.29645898 -0.04854102 0.90000000
v 0.33354102 -0.04854102 0.90000000
v 0.29645898 0.04854102 0.90000000
v 0.33354102 0.04854102 0.90000000
v 0.31500000 0.00000000 0.93000000
v 0.29645898 -0.04854102 0.84000000
v 0.33354102 -0.04854102 0.84000000
v 0.29645898 0.04854102 0.84000000
v 0.33354102 0.04854102 0.84000000
v 0.31500000 0.00000000 0.81000000
v 0.36354102 0.03000000 0.85145898
v 0.36354102 -0.03000000 0.85145898
v 0.34500000 -0.01854102 0.82145898
v 0.34500000 0.01854102 0.82145898
v 0.36354102 0.03000000 0.88854102
v 0.36354102 -0.03000000 0.88854102
v 0.34500000 -0.01854102 0.91854102
v 0.34500000 0.01854102 0.91854102
v 0.37500000 0.00000000 0.87000000
v 0.26645898 0.03000000 0.85145898
v 0.26645898 -0.03000000 0.85145898
v 0.28500000 -0.01854102 0.82145898
v 0.28500000 0.01854102 0.82145898
v 0.26645898 0.03000000 0.88854102
v 0.26645898 -0.03000000 0.88854102
v 0.28500000 -0.01854102 0.91854102
v 0.28500000 0.01854102 0.91854102
v 0.25500000 0.00000000 0.87000000
v 0.29860401 0.05771630 0.87000000
v 0.33139599 0.05771630 0.87000000
v 0.29860401 -0.05771630 0.87000000
v 0.33139599 -0.05771630 0.87000000
v 0.28896669 -0.05176011 0.88559351
v 0.30536268 -0.04162683 0.91212279
v 0.30525241 -0.05706339 0.88577193
v 0.34103331 -0.05176011 0.88559351
v 0.32463732 -0.04162683 0.91212279
v 0.32474759 -0.05706339 0.88577193
v 0.31500000 -0.05103905 0.90154387
v 0.28896669 0.05176011 0.88559351
v 0.30536268 0.04162683 0.91212279
v 0.30525241 0.05706339 0.88577193
v 0.34103331 0.05176011 0.88559351
v 0.32463732 0.04162683 0.91212279
v 0.32474759 0.05706339 0.88577193
v 0.31500000 0.05103905 0.90154387
v 0.31500000 -0.01639599 0.92771630
v 0.31500000 0.01639599 0.92771630
v 0.28896669 -0.05176011 0.85440649
v 0.30536268 -0.04162683 0.82787721
v 0.30525241 -0.05706339 0.85422807
v 0.34103331 -0.05176011 0.85440649
v 0.32463732 -0.04162683 0.82787721
v 0.32474759 -0.05706339 0.85422807
v 0.31500000 -0.05103905 0.83845613
v 0.28896669 0.05176011 0.85440649
v 0.30536268 0.04162683 0.82787721
v 0.30525241 0.05706339 0.85422807
v 0.34103331 0.05176011 0.85440649
v 0.32463732 0.04162683 0.82787721
v 0.32474759 0.05706339 0.85422807
v 0.31500000 0.05103905 0.83845613
v 0.31500000 -0.01639599 0.81228370
v 0.31500000 0.01639599 0.81228370
v 0.35662683 0.04212279 0.86036268
v 0.36676011 0.01559351 0.84396669
v 0.35026712 0.04129146 0.84448048
v 0.35662683 -0.04212279 0.86036268
v 0.36676011 -0.01559351 0.84396669
v 0.35026712 -0.04129146 0.84448048
v 0.33059351 -0.02603331 0.81823989
v 0.35712279 -0.00963732 0.82837317
v 0.34051952 -0.03526712 0.82870854
v 0.33077193 -0.00974759 0.81293661
v 0.35629146 -0.02551952 0.83473288
v 0.33059351 0.02603331 0.81823989
v 0.35712279 0.00963732 0.82837317
v 0.34051952 0.03526712 0.82870854
v 0.33077193 0.00974759 0.81293661
v 0.35629146 0.02551952 0.83473288
v 0.34654387 0.00000000 0.81896095
v 0.35662683 0.04212279 0.87963732
v 0.36676011 0.01559351 0.89603331
v 0.35026712 0.04129146 0.89551952
v 0.36603905 0.03154387 0.87000000
v 0.35662683 -0.04212279 0.87963732
v 0.36676011 -0.01559351 0.89603331
v 0.35026712 -0.04129146 0.89551952
v 0.36603905 -0.03154387 0.87000000
v 0.33059351 -0.02603331 0.92176011
v 0.35712279 -0.00963732 0.91162683
v 0.34051952 -0.03526712 0.91129146
v 0.33077193 -0.00974759 0.92706339
v 0.35629146 -0.02551952 0.90526712
v 0.33059351 0.02603331 0.92176011
v 0.35712279 0.00963732 0.91162683
v 0.34051952 0.03526712 0.91129146
v 0.33077193 0.00974759 0.92706339
v 0.35629146 0.02551952 0.90526712
v 0.34654387 0.00000000 0.92103905
v 0.37271630 0.00000000 0.85360401
v 0.37271630 0.00000000 0.88639599
v 0.37206339 0.01577193 0.86025241
v 0.37206339 -0.01577193 0.86025241
v 0.37206339 0.01577193 0.87974759
v 0.37206339 -0.01577193 0.87974759
v 0.27337317 0.04212279 0.86036268
v 0.26323989 0.01559351 0.84396669
v 0.27973288 0.04129146 0.84448048
v 0.27337317 -0.04212279 0.86036268
v 0.26323989 -0.01559351 0.84396669
v 0.27973288 -0.04129146 0.84448048
v 0.29940649 -0.02603331 0.81823989
v 0.27287721 -0.00963732 0.82837317
v 0.28948048 -0.03526712 0.82870854
v 0.29922807 -0.00974759 0.81293661
v 0.27370854 -0.02551952 0.83473288
v 0.29940649 0.02603331 0.81823989
v 0.27287721 0.00963732 0.82837317
v 0.28948048 0.03526712 0.82870854
v 0.29922807 0.00974759 0.81293661
v 0.27370854 0.02551952 0.83473288
v 0.28345613 0.00000000 0.81896095
v 0.27337317 0.04212279 0.87963732
v 0.26323989 0.01559351 0.89603331
v 0.27973288 0.04129146 0.89551952
v 0.26396095 0.03154387 0.87000000
v 0.27337317 -0.04212279 0.87963732
v 0.26323989 -0.01559351 0.89603331
v 0.27973288 -0.04129146 0.89551952
v 0.26396095 -0.03154387 0.87000000
v 0.29940649 -0.02603331 0.92176011
v 0.27287721 -0.00963732 0.91162683
v 0.28948048 -0.03526712 0.91129146
v 0.29922807 -0.00974759 0.92706339
v 0.27370854 -0.02551952 0.90526712
v 0.29940649 0.02603331 0.92176011
v 0.27287721 0.00963732 0.91162683
v 0.28948048 0.03526712 0.91129146
v 0.29922807 0.00974759 0.92706339
v 0.27370854 0.02551952 0.90526712
v 0.28345613 0.00000000 0.92103905
v 0.25728370 0.00000000 0.85360401
v 0.25728370 0.00000000 0.88639599
v 0.25793661 0.01577193 0.86025241
v 0.25793661 -0.01577193 0.86025241
v 0.25793661 0.01577193 0.87974759
v 0.25793661 -0.01577193 0.87974759
f 2 4 1
f 5 2 1
f 1 4 3
f 3 5 1
f 2 8 4
f 6 2 5
f 6 8 2
f 4 8 3
f 7 5 3
f 3 8 7
f 7 6 5
f 8 6 7
f 10 12 9
f 13 10 9
f 9 12 11
f 11 13 9
f 10 16 12
f 14 10 13
f 14 16 10
f 12 16 11
f 15 13 11
f 11 16 15
f 15 14 13
f 16 14 15
f 18 17 41
f 18 41 19
f 19 41 42
f 19 42 20
f 20 42 43
f 20 43 21
f 21 43 44
f 21 44 22
f 22 44 45
f 22 45 23
f 23 45 46
f 23 46 24
f 24 46 47
f 24 47 25
f 25 47 48
f 25 48 26
f 26 48 49
f 26 49 27
f 27 49 50
f 27 50 28
f 28 50 51
f 28 51 29
f 29 51 52
f 29 52 30
f 30 52 53
f 30 53 31
f 31 53 54
f 31 54 32
f 32 54 55
f 32 55 33
f 33 55 56
f 33 56 34
f 34 56 57
f 34 57 35
f 35 57 58
f 35 58 36
f 36 58 59
f 36 59 37
f 37 59 60
f 37 60 38
f 38 60 61
f 38 61 39
f 39 61 62
f 39 62 40
f 41 17 63
f 41 63 42
f 42 63 64
f 42 64 43
f 43 64 65
f 43 65 44
f 44 65 66
f 44 66 45
f 45 66 67
f 45 67 46
f 46 67 68
f 46 68 47
f 47 68 69
f 47 69 48
f 48 69 70
f 48 70 49
f 49 70 71
f 49 71 50
f 50 71 72
f 50 72 51
f 51 72 73
f 51 73 52
f 52 73 74
f 52 74 53
f 53 74 75
f 53 75 54
f 54 75 76
f 54 76 55
f 55 76 77
f 55 77 56
f 56 77 78
f 56 78 57
f 57 78 79
f 57 79 58
f 58 79 80
f 58 80 59
f 59 80 81
f 59 81 60
f 60 81 82
f 60 82 61
f 61 82 83
f 61 83 62
f 62 83 84
f 62 84 40
f 63 17 85
f 63 85 64
f 64 85 86
f 64 86 65
f 65 86 87
f 65 87 66
f 66 87 88
f 66 88 67
f 67 88 89
f 67 89 68
f 68 89 90
f 68 90 69
f 69 90 91
f 69 91 70
f 70 91 92
f 70 92 71
f 71 92 93
f 71 93 72
f 72 93 94
f 72 94 73
f 73 94 95
f 73 95 74
f 74 95 96
f 74 96 75
f 75 96 97
f 75 97 76
f 76 97 98
f 76 98 77
f 77 98 99
f 77 99 78
f 78 99 100
f 78 100 79
f 79 100 101
f 79 101 80
f 80 101 102
f 80 102 81
f 81 102 103
f 81 103 82
f 82 103 104
f 82 104 83
f 83 104 105
f 83 105 84
f 84 105 106
f 84 106 40
f 85 17 107
f 85 107 86
f 86 107 108
f 86 108 87
f 87 108 109
f 87 109 88
f 88 109 110
f 88 110 89
f 89 110 111
f 89 111 90
f 90 111 112
f 90 112 91
f 91 112 113
f 91 113 92
f 92 113 114
f 92 114 93
f 93 114 115
f 93 115 94
f 94 115 116
f 94 116 95
f 95 116 117
f 95 117 96
f 96 117 118
f 96 118 97
f 97 118 119
f 97 119 98
f 98 119 120
f 98 120 99
f 99 120 121
f 99 121 100
f 100 121 122
f 100 122 101
f 101 122 123
f 101 123 102
f 102 123 124
f 102 124 103
f 103 124 125
f 103 125 104
f 104 125 126
f 104 126 105
f 105 126 127
f 105 127 106
f 106 127 128
f 106 128 40
f 107 17 129
f 107 129 108
f 108 129 130
f 108 130 109
f 109 130 131
f 109 131 110
f 110 131 132
f 110 132 111
f 111 132 133
f 111 133 112
f 112 133 134
f 112 134 113
f 113 134 135
f 113 135 114
f 114 135 136
f 114 136 115
f 115 136 137
f 115 137 116
f 116 137 138
f 116 138 117
f 117 138 139
f 117 139 118
f 118 139 140
f 118 140 119
f 119 140 141
f 119 141 120
f 120 141 142
f 120 142 121
f 121 142 143
f 121 143 122
f 122 143 144
f 122 144 123
f 123 144 145
f 123 145 124
f 124 145 146
f 124 146 125
f 125 146 147
f 125 147 126
f 126 147 148
f 126 148 127
f 127 148 149
f 127 149 128
f 128 149 150
f 128 150 40
f 129 17 151
f 129 151 130
f 130 151 152
f 130 152 131
f 131 152 153
f 131 153 132
f 132 153 154
f 132 154 133
f 133 154 155
f 133 155 134
f 134 155 156
f 134 156 135
f 135 156 157
f 135 157 136
f 136 157 158
f 136 158 137
f 137 158 159
f 137 159 138
f 138 159 160
f 138 160 139
f 139 160 161
f 139 161 140
f 140 161 162
f 140 162 141
f 141 162 163
f 141 163 142
f 142 163 164
f 142 164 143
f 143 164 165
f 143 165 144
f 144 165 166
f 144 166 145
f 145 166 167
f 145 167 146
f 146 167 168
f 146 168 147
f 147 168 169
f 147 169 148
f 148 169 170
f 148 170 149
f 149 170 171
f 149 171 150
f 150 171 172
f 150 172 40
f 151 17 173
f 151 173 152
f 152 173 174
f 152 174 153
f 153 174 175
f 153 175 154
f 154 175 176
f 154 176 155
f 155 176 177
f 155 177 156
f 156 177 178
f 156 178 157
f 157 178 179
f 157 179 158
f 158 179 180
f 158 180 159
f 159 180 181
f 159 181 160
f 160 181 182
f 160 182 161
f 161 182 183
f 161 183 162
f 162 183 184
f 162 184 163
f 163 184 185
f 163 185 164
f 164 185 186
f 164 186 165
f 165 186 187
f 165 187 166
f 166 187 188
f 166 188 167
f 167 188 189
f 167 189 168
f 168 189 190
f 168 190 169
f 169 190 191
f 169 191 170
f 170 191 192
f 170 192 171
f 171 192 193
f 171 193 172
f 172 193 194
f 172 194 40
f 173 17 195
f 173 195 174
f 174 195 196
f 174 196 175
f 175 196 197
f 175 197 176
f 176 197 198
f 176 198 177
f 177 198 199
f 177 199 178
f 178 199 200
f 178 200 179
f 179 200 201
f 179 201 180
f 180 201 202
f 180 202 181
f 181 202 203
f 181 203 182
f 182 203 204
f 182 204 183
f 183 204 205
f 183 205 184
f 184 205 206
f 184 206 185
f 185 206 207
f 185 207 186
f 186 207 208
f 186 208 187
f 187 208 209
f 187 209 188
f 188 209 210
f 188 210 189
f 189 210 211
f 189 211 190
f 190 211 212
f 190 212 191
f 191 212 213
f 191 213 192
f 192 213 214
f 192 214 193
f 193 214 215
f 193 215 194
f 194 215 216
f 194 216 40
f 195 17 217
f 195 217 196
f 196 217 218
f 196 218 197
f 197 218 219
f 197 219 198
f 198 219 220
f 198 220 199
f 199 220 221
f 199 221 200
f 200 221 222
f 200 222 201
f 201 222 223
f 201 223 202
f 202 223 224
f 202 224 203
f 203 224 225
f 203 225 204
f 204 225 226
f 204 226 205
f 205 226 227
f 205 227 206
f 206 227 228
f 206 228 207
f 207 228 229
f 207 229 208
f 208 229 230
f 208 230 209
f 209 230 231
f 209 231 210
f 210 231 232
f 210 232 211
f 211 232 233
f 211 233 212
f 212 233 234
f 212 234 213
f 213 234 235
f 213 235 214
f 214 235 236
f 214 236 215
f 215 236 237
f 215 237 216
f 216 237 238
f 216 238 40
f 217 17 239
f 217 239 218
f 218 239 240
f 218 240 219
f 219 240 241
f 219 241 220
f 220 241 242
f 220 242 221
f 221 242 243
f 221 243 222
f 222 243 244
f 222 244 223
f 223 244 245
f 223 245 224
f 224 245 246
f 224 246 225
f 225 246 247
f 225 247 226
f 226 247 248
f 226 248 227
f 227 248 249
f 227 249 228
f 228 249 250
f 228 250 229
f 229 250 251
f 229 251 230
f 230 251 252
f 230 252 231
f 231 252 253
f 231 253 232
f 232 253 254
f 232 254 233
f 233 254 255
f 233 255 234
f 234 255 256
f 234 256 235
f 235 256 257
f 235 257 236
f 236 257 258
f 236 258 237
f 237 258 259
f 237 259 238
f 238 259 260
f 238 260 40
f 239 17 261
f 239 261 240
f 240 261 262
f 240 262 241
f 241 262 263
f 241 263 242
f 242 263 264
f 242 264 243
f 243 264 265
f 243 265 244
f 244 265 266
f 244 266 245
f 245 266 267
f 245 267 246
f 246 267 268
f 246 268 247
f 247 268 269
f 247 269 248
f 248 269 270
f 248 270 249
f 249 270 271
f 249 271 250
f 250 271 272
f 250 272 251
f 251 272 273
f 251 273 252
f 252 273 274
f 252 274 253
f 253 274 275
f 253 275 254
f 254 275 276
f 254 276 255
f 255 276 277
f 255 277 256
f 256 277 278
f 256 278 257
f 257 278 279
f 257 279 258
f 258 279 280
f 258 280 259
f 259 280 281
f 259 281 260
f 260 281 282
f 260 282 40
f 261 17 283
f 261 283 262
f 262 283 284
f 262 284 263
f 263 284 285
f 263 285 264
f 264 285 286
f 264 286 265
f 265 286 287
f 265 287 266
f 266 287 288
f 266 288 267
f 267 288 289
f 267 289 268
f 268 289 290
f 268 290 269
f 269 290 291
f 269 291 270
f 270 291 292
f 270 292 271
f 271 292 293
f 271 293 272
f 272 293 294
f 272 294 273
f 273 294 295
f 273 295 274
f 274 295 296
f 274 296 275
f 275 296 297
f 275 297 276
f 276 297 298
f 276 298 277
f 277 298 299
f 277 299 278
f 278 299 300
f 278 300 279
f 279 300 301
f 279 301 280
f 280 301 302
f 280 302 281
f 281 302 303
f 281 303 282
f 282 303 304
f 282 304 40
f 283 17 305
f 283 305 284
f 284 305 306
f 284 306 285
f 285 306 307
f 285 307 286
f 286 307 308
f 286 308 287
f 287 308 309
f 287 309 288
f 288 309 310
f 288 310 289
f 289 310 311
f 289 311 290
f 290 311 312
f 290 312 291
f 291 312 313
f 291 313 292
f 292 313 314
f 292 314 293
f 293 314 315
f 293 315 294
f 294 315 316
f 294 316 295
f 295 316 317
f 295 317 296
f 296 317 318
f 296 318 297
f 297 318 319
f 297 319 298
f 298 319 320
f 298 320 299
f 299 320 321
f 299 321 300
f 300 321 322
f 300 322 301
f 301 322 323
f 301 323 302
f 302 323 324
f 302 324 303
f 303 324 325
f 303 325 304
f 304 325 326
f 304 326 40
f 305 17 327
f 305 327 306
f 306 327 328
f 306 328 307
f 307 328 329
f 307 329 308
f 308 329 330
f 308 330 309
f 309 330 331
f 309 331 310
f 310 331 332
f 310 332 311
f 311 332 333
f 311 333 312
f 312 333 334
f 312 334 313
f 313 334 335
f 313 335 314
f 314 335 336
f 314 336 315
f 315 336 337
f 315 337 316
f 316 337 338
f 316 338 317
f 317 338 339
f 317 339 318
f 318 339 340
f 318 340 319
f 319 340 341
f 319 341 320
f 320 341 342
f 320 342 321
f 321 342 343
f 321 343 322
f 322 343 344
f 322 344 323
f 323 344 345
f 323 345 324
f 324 345 346
f 324 346 325
f 325 346 347
f 325 347 326
f 326 347 348
f 326 348 40
f 327 17 349
f 327 349 328
f 328 349 350
f 328 350 329
f 329 350 351
f 329 351 330
f 330 351 352
f 330 352 331
f 331 352 353
f 331 353 332
f 332 353 354
f 332 354 333
f 333 354 355
f 333 355 334
f 334 355 356
f 334 356 335
f 335 356 357
f 335 357 336
f 336 357 358
f 336 358 337
f 337 358 359
f 337 359 338
f 338 359 360
f 338 360 339
f 339 360 361
f 339 361 340
f 340 361 362
f 340 362 341
f 341 362 363
f 341 363 342
f 342 363 364
f 342 364 343
f 343 364 365
f 343 365 344
f 344 365 366
f 344 366 345
f 345 366 367
f 345 367 346
f 346 367 368
f 346 368 347
f 347 368 369
f 347 369 348
f 348 369 370
f 348 370 40
f 349 17 371
f 349 371 350
f 350 371 372
f 350 372 351
f 351 372 373
f 351 373 352
f 352 373 374
f 352 374 353
f 353 374 375
f 353 375 354
f 354 375 376
f 354 376 355
f 355 376 377
f 355 377 356
f 356 377 378
f 356 378 357
f 357 378 379
f 357 379 358
f 358 379 380
f 358 380 359
f 359 380 381
f 359 381 360
f 360 381 382
f 360 382 361
f 361 382 383
f 361 383 362
f 362 383 384
f 362 384 363
f 363 384 385
f 363 385 364
f 364 385 386
f 364 386 365
f 365 386 387
f 365 387 366
f 366 387 388
f 366 388 367
f 367 388 389
f 367 389 368
f 368 389 390
f 368 390 369
f 369 390 391
f 369 391 370
f 370 391 392
f 370 392 40
f 371 17 393
f 371 393 372
f 372 393 394
f 372 394 373
f 373 394 395
f 373 395 374
f 374 395 396
f 374 396 375
f 375 396 397
f 375 397 376
f 376 397 398
f 376 398 377
f 377 398 399
f 377 399 378
f 378 399 400
f 378 400 379
f 379 400 401
f 379 401 380
f 380 401 402
f 380 402 381
f 381 402 403
f 381 403 382
f 382 403 404
f 382 404 383
f 383 404 405
f 383 405 384
f 384 405 406
f 384 406 385
f 385 406 407
f 385 407 386
f 386 407 408
f 386 408 387
f 387 408 409
f 387 409 388
f 388 409 410
f 388 410 389
f 389 410 411
f 389 411 390
f 390 411 412
f 390 412 391
f 391 412 413
f 391 413 392
f 392 413 414
f 392 414 40
f 393 17 415
f 393 415 394
f 394 415 416
f 394 416 395
f 395 416 417
f 395 417 396
f 396 417 418
f 396 418 397
f 397 418 419
f 397 419 398
f 398 419 420
f 398 420 399
f 399 420 421
f 399 421 400
f 400 421 422
f 400 422 401
f 401 422 423
f 401 423 402
f 402 423 424
f 402 424 403
f 403 424 425
f 403 425 404
f 404 425 426
f 404 426 405
f 405 426 427
f 405 427 406
f 406 427 428
f 406 428 407
f 407 428 429
f 407 429 408
f 408 429 430
f 408 430 409
f 409 430 431
f 409 431 410
f 410 431 432
f 410 432 411
f 411 432 433
f 411 433 412
f 412 433 434
f 412 434 413
f 413 434 435
f 413 435 414
f 414 435 436
f 414 436 40
f 415 17 437
f 415 437 416
f 416 437 438
f 416 438 417
f 417 438 439
f 417 439 418
f 418 439 440
f 418 440 419
f 419 440 441
f 419 441 420
f 420 441 442
f 420 442 421
f 421 442 443
f 421 443 422
f 422 443 444
f 422 444 423
f 423 444 445
f 423 445 424
f 424 445 446
f 424 446 425
f 425 446 447
f 425 447 426
f 426 447 448
f 426 448 427
f 427 448 449
f 427 449 428
f 428 449 450
f 428 450 429
f 429 450 451
f 429 451 430
f 430 451 452
f 430 452 431
f 431 452 453
f 431 453 432
f 432 453 454
f 432 454 433
f 433 454 455
f 433 455 434
f 434 455 456
f 434 456 435
f 435 456 457
f 435 457 436
f 436 457 458
f 436 458 40
f 437 17 459
f 437 459 438
f 438 459 460
f 438 460 439
f 439 460 461
f 439 461 440
f 440 461 462
f 440 462 441
f 441 462 463
f 441 463 442
f 442 463 464
f 442 464 443
f 443 464 465
f 443 465 444
f 444 465 466
f 444 466 445
f 445 466 467
f 445 467 446
f 446 467 468
f 446 468 447
f 447 468 469
f 447 469 448
f 448 469 470
f 448 470 449
f 449 470 471
f 449 471 450
f 450 471 472
f 450 472 451
f 451 472 473
f 451 473 452
f 452 473 474
f 452 474 453
f 453 474 475
f 453 475 454
f 454 475 476
f 454 476 455
f 455 476 477
f 455 477 456
f 456 477 478
f 456 478 457
f 457 478 479
f 457 479 458
f 458 479 480
f 458 480 40
f 459 17 481
f 459 481 460
f 460 481 482
f 460 482 461
f 461 482 483
f 461 483 462
f 462 483 484
f 462 484 463
f 463 484 485
f 463 485 464
f 464 485 486
f 464 486 465
f 465 486 487
f 465 487 466
f 466 487 488
f 466 488 467
f 467 488 489
f 467 489 468
f 468 489 490
f 468 490 469
f 469 490 491
f 469 491 470
f 470 491 492
f 470 492 471
f 471 492 493
f 471 493 472
f 472 493 494
f 472 494 473
f 473 494 495
f 473 495 474
f 474 495 496
f 474 496 475
f 475 496 497
f 475 497 476
f 476 497 498
f 476 498 477
f 477 498 499
f 477 499 478
f 478 499 500
f 478 500 479
f 479 500 501
f 479 501 480
f 480 501 502
f 480 502 40
f 481 17 503
f 481 503 482
f 482 503 504
f 482 504 483
f 483 504 505
f 483 505 484
f 484 505 506
f 484 506 485
f 485 506 507
f 485 507 486
f 486 507 508
f 486 508 487
f 487 508 509
f 487 509 488
f 488 509 510
f 488 510 489
f 489 510 511
f 489 511 490
f 490 511 512
f 490 512 491
f 491 512 513
f 491 513 492
f 492 513 514
f 492 514 493
f 493 514 515
f 493 515 494
f 494 515 516
f 494 516 495
f 495 516 517
f 495 517 496
f 496 517 518
f 496 518 497
f 497 518 519
f 497 519 498
f 498 519 520
f 498 520 499
f 499 520 521
f 499 521 500
f 500 521 522
f 500 522 501
f 501 522 523
f 501 523 502
f 502 523 524
f 502 524 40
f 503 17 525
f 503 525 504
f 504 525 526
f 504 526 505
f 505 526 527
f 505 527 506
f 506 527 528
f 506 528 507
f 507 528 529
f 507 529 508
f 508 529 530
f 508 530 509
f 509 530 531
f 509 531 510
f 510 531 532
f 510 532 511
f 511 532 533
f 511 533 512
f 512 533 534
f 512 534 513
f 513 534 535
f 513 535 514
f 514 535 536
f 514 536 515
f 515 536 537
f 515 537 516
f 516 537 538
f 516 538 517
f 517 538 539
f 517 539 518
f 518 539 540
f 518 540 519
f 519 540 541
f 519 541 520
f 520 541 542
f 520 542 521
f 521 542 543
f 521 543 522
f 522 543 544
f 522 544 523
f 523 544 545
f 523 545 524
f 524 545 546
f 524 546 40
f 525 17 18
f 525 18 526
f 526 18 19
f 526 19 527
f 527 19 20
f 527 20 528
f 528 20 21
f 528 21 529
f 529 21 22
f 529 22 530
f 530 22 23
f 530 23 531
f 531 23 24
f 531 24 532
f 532 24 25
f 532 25 533
f 533 25 26
f 533 26 534
f 534 26 27
f 534 27 535
f 535 27 28
f 535 28 536
f 536 28 29
f 536 29 537
f 537 29 30
f 537 30 538
f 538 30 31
f 538 31 539
f 539 31 32
f 539 32 540
f 540 32 33
f 540 33 541
f 541 33 34
f 541 34 542
f 542 34 35
f 542 35 543
f 543 35 36
f 543 36 544
f 544 36 37
f 544 37 545
f 545 37 38
f 545 38 546
f 546 38 39
f 546 39 40
f 548 547 571
f 548 571 549
f 549 571 572
f 549 572 550
f 550 572 573
f 550 573 551
f 551 573 574
f 551 574 552
f 552 574 575
f 552 575 553
f 553 575 576
f 553 576 554
f 554 576 577
f 554 577 555
f 555 577 578
f 555 578 556
f 556 578 579
f 556 579 557
f 557 579 580
f 557 580 558
f 558 580 581
f 558 581 559
f 559 581 582
f 559 582 560
f 560 582 583
f 560 583 561
f 561 583 584
f 561 584 562
f 562 584 585
f 562 585 563
f 563 585 586
f 563 586 564
f 564 586 587
f 564 587 565
f 565 587 588
f 565 588 566
f 566 588 589
f 566 589 567
f 567 589 590
f 567 590 568
f 568 590 591
f 568 591 569
f 569 591 592
f 569 592 570
f 571 547 593
f 571 593 572
f 572 593 594
f 572 594 573
f 573 594 595
f 573 595 574
f 574 595 596
f 574 596 575
f 575 596 597
f 575 597 576
f 576 597 598
f 576 598 577
f 577 598 599
f 577 599 578
f 578 599 600
f 578 600 579
f 579 600 601
f 579 601 580
f 580 601 602
f 580 602 581
f 581 602 603
f 581 603 582
f 582 603 604
f 582 604 583
f 583 604 605
f 583 605 584
f 584 605 606
f 584 606 585
f 585 606 607
f 585 607 586
f 586 607 608
f 586 608 587
f 587 608 609
f 587 609 588
f 588 609 610
f 588 610 589
f 589 610 611
f 589 611 590
f 590 611 612
f 590 612 591
f 591 612 613
f 591 613 592
f 592 613 614
f 592 614 570
f 593 547 615
f 593 615 594
f 594 615 616
f 594 616 595
f 595 616 617
f 595 617 596
f 596 617 618
f 596 618 597
f 597 618 619
f 597 619 598
f 598 619 620
f 598 620 599
f 599 620 621
f 599 621 600
f 600 621 622
f 600 622 601
f 601 622 623
f 601 623 602
f 602 623 624
f 602 624 603
f 603 624 625
f 603 625 604
f 604 625 626
f 604 626 605
f 605 626 627
f 605 627 606
f 606 627 628
f 606 628 607
f 607 628 629
f 607 629 608
f 608 629 630
f 608 630 609
f 609 630 631
f 609 631 610
f 610 631 632
f 610 632 611
f 611 632 633
f 611 633 612
f 612 633 634
f 612 634 613
f 613 634 635
f 613 635 614
f 614 635 636
f 614 636 570
f 615 547 637
f 615 637 616
f 616 637 638
f 616 638 617
f 617 638 639
f 617 639 618
f 618 639 640
f 618 640 619
f 619 640 641
f 619 641 620
f 620 641 642
f 620 642 621
f 621 642 643
f 621 643 622
f 622 643 644
f 622 644 623
f 623 644 645
f 623 645 624
f 624 645 646
f 624 646 625
f 625 646 647
f 625 647 626
f 626 647 648
f 626 648 627
f 627 648 649
f 627 649 628
f 628 649 650
f 628 650 629
f 629 650 651
f 629 651 630
f 630 651 652
f 630 652 631
f 631 652 653
f 631 653 632
f 632 653 654
f 632 654 633
f 633 654 655
f 633 655 634
f 634 655 656
f 634 656 635
f 635 656 657
f 635 657 636
f 636 657 658
f 636 658 570
f 637 547 659
f 637 659 638
f 638 659 660
f 638 660 639
f 639 660 661
f 639 661 640
f 640 661 662
f 640 662 641
f 641 662 663
f 641 663 642
f 642 663 664
f 642 664 643
f 643 664 665
f 643 665 644
f 644 665 666
f 644 666 645
f 645 666 667
f 645 667 646
f 646 667 668
f 646 668 647
f 647 668 669
f 647 669 648
f 648 669 670
f 648 670 649
f 649 670 671
f 649 671 650
f 650 671 672
f 650 672 651
f 651 672 673
f 651 673 652
f 652 673 674
f 652 674 653
f 653 674 675
f 653 675 654
f 654 675 676
f 654 676 655
f 655 676 677
f 655 677 656
f 656 677 678
f 656 678 657
f 657 678 679
f 657 679 658
f 658 679 680
f 658 680 570
f 659 547 681
f 659 681 660
f 660 681 682
f 660 682 661
f 661 682 683
f 661 683 662
f 662 683 684
f 662 684 663
f 663 684 685
f 663 685 664
f 664 685 686
f 664 686 665
f 665 686 687
f 665 687 666
f 666 687 688
f 666 688 667
f 667 688 689
f 667 689 668
f 668 689 690
f 668 690 669
f 669 690 691
f 669 691 670
f 670 691 692
f 670 692 671
f 671 692 693
f 671 693 672
f 672 693 694
f 672 694 673
f 673 694 695
f 673 695 674
f 674 695 696
f 674 696 675
f 675 696 697
f 675 697 676
f 676 697 698
f 676 698 677
f 677 698 699
f 677 699 678
f 678 699 700
f 678 700 679
f 679 700 701
f 679 701 680
f 680 701 702
f 680 702 570
f 681 547 703
f 681 703 682
f 682 703 704
f 682 704 683
f 683 704 705
f 683 705 684
f 684 705 706
f 684 706 685
f 685 706 707
f 685 707 686
f 686 707 708
f 686 708 687
f 687 708 709
f 687 709 688
f 688 709 710
f 688 710 689
f 689 710 711
f 689 711 690
f 690 711 712
f 690 712 691
f 691 712 713
f 691 713 692
f 692 713 714
f 692 714 693
f 693 714 715
f 693 715 694
f 694 715 716
f 694 716 695
f 695 716 717
f 695 717 696
f 696 717 718
f 696 718 697
f 697 718 719
f 697 719 698
f 698 719 720
f 698 720 699
f 699 720 721
f 699 721 700
f 700 721 722
f 700 722 701
f 701 722 723
f 701 723 702
f 702 723 724
f 702 724 570
f 703 547 725
f 703 725 704
f 704 725 726
f 704 726 705
f 705 726 727
f 705 727 706
f 706 727 728
f 706 728 707
f 707 728 729
f 707 729 708
f 708 729 730
f 708 730 709
f 709 730 731
f 709 731 710
f 710 731 732
f 710 732 711
f 711 732 733
f 711 733 712
f 712 733 734
f 712 734 713
f 713 734 735
f 713 735 714
f 714 735 736
f 714 736 715
f 715 736 737
f 715 737 716
f 716 737 738
f 716 738 717
f 717 738 739
f 717 739 718
f 718 739 740
f 718 740 719
f 719 740 741
f 719 741 720
f 720 741 742
f 720 742 721
f 721 742 743
f 721 743 722
f 722 743 744
f 722 744 723
f 723 744 745
f 723 745 724
f 724 745 746
f 724 746 570
f 725 547 747
f 725 747 726
f 726 747 748
f 726 748 727
f 727 748 749
f 727 749 728
f 728 749 750
f 728 750 729
f 729 750 751
f 729 751 730
f 730 751 752
f 730 752 731
f 731 752 753
f 731 753 732
f 732 753 754
f 732 754 733
f 733 754 755
f 733 755 734
f 734 755 756
f 734 756 735
f 735 756 757
f 735 757 736
f 736 757 758
f 736 758 737
f 737 758 759
f 737 759 738
f 738 759 760
f 738 760 739
f 739 760 761
f 739 761 740
f 740 761 762
f 740 762 741
f 741 762 763
f 741 763 742
f 742 763 764
f 742 764 743
f 743 764 765
f 743 765 744
f 744 765 766
f 744 766 745
f 745 766 767
f 745 767 746
f 746 767 768
f 746 768 570
f 747 547 769
f 747 769 748
f 748 769 770
f 748 770 749
f 749 770 771
f 749 771 750
f 750 771 772
f 750 772 751
f 751 772 773
f 751 773 752
f 752 773 774
f 752 774 753
f 753 774 775
f 753 775 754
f 754 775 776
f 754 776 755
f 755 776 777
f 755 777 756
f 756 777 778
f 756 778 757
f 757 778 779
f 757 779 758
f 758 779 780
f 758 780 759
f 759 780 781
f 759 781 760
f 760 781 782
f 760 782 761
f 761 782 783
f 761 783 762
f 762 783 784
f 762 784 763
f 763 784 785
f 763 785 764
f 764 785 786
f 764 786 765
f 765 786 787
f 765 787 766
f 766 787 788
f 766 788 767
f 767 788 789
f 767 789 768
f 768 789 790
f 768 790 570
f 769 547 791
f 769 791 770
f 770 791 792
f 770 792 771
f 771 792 793
f 771 793 772
f 772 793 794
f 772 794 773
f 773 794 795
f 773 795 774
f 774 795 796
f 774 796 775
f 775 796 797
f 775 797 776
f 776 797 798
f 776 798 777
f 777 798 799
f 777 799 778
f 778 799 800
f 778 800 779
f 779 800 801
f 779 801 780
f 780 801 802
f 780 802 781
f 781 802 803
f 781 803 782
f 782 803 804
f 782 804 783
f 783 804 805
f 783 805 784
f 784 805 806
f 784 806 785
f 785 806 807
f 785 807 786
f 786 807 808
f 786 808 787
f 787 808 809
f 787 809 788
f 788 809 810
f 788 810 789
f 789 810 811
f 789 811 790
f 790 811 812
f 790 812 570
f 791 547 813
f 791 813 792
f 792 813 814
f 792 814 793
f 793 814 815
f 793 815 794
f 794 815 816
f 794 816 795
f 795 816 817
f 795 817 796
f 796 817 818
f 796 818 797
f 797 818 819
f 797 819 798
f 798 819 820
f 798 820 799
f 799 820 821
f 799 821 800
f 800 821 822
f 800 822 801
f 801 822 823
f 801 823 802
f 802 823 824
f 802 824 803
f 803 824 825
f 803 825 804
f 804 825 826
f 804 826 805
f 805 826 827
f 805 827 806
f 806 827 828
f 806 828 807
f 807 828 829
f 807 829 808
f 808 829 830
f 808 830 809
f 809 830 831
f 809 831 810
f 810 831 832
f 810 832 811
f 811 832 833
f 811 833 812
f 812 833 834
f 812 834 570
f 813 547 835
f 813 835 814
f 814 835 836
f 814 836 815
f 815 836 837
f 815 837 816
f 816 837 838
f 816 838 817
f 817 838 839
f 817 839 818
f 818 839 840
f 818 840 819
f 819 840 841
f 819 841 820
f 820 841 842
f 820 842 821
f 821 842 843
f 821 843 822
f 822 843 844
f 822 844 823
f 823 844 845
f 823 845 824
f 824 845 846
f 824 846 825
f 825 846 847
f 825 847 826
f 826 847 848
f 826 848 827
f 827 848 849
f 827 849 828
f 828 849 850
f 828 850 829
f 829 850 851
f 829 851 830
f 830 851 852
f 830 852 831
f 831 852 853
f 831 853 832
f 832 853 854
f 832 854 833
f 833 854 855
f 833 855 834
f 834 855 856
f 834 856 570
f 835 547 857
f 835 857 836
f 836 857 858
f 836 858 837
f 837 858 859
f 837 859 838
f 838 859 860
f 838 860 839
f 839 860 861
f 839 861 840
f 840 861 862
f 840 862 841
f 841 862 863
f 841 863 842
f 842 863 864
f 842 864 843
f 843 864 865
f 843 865 844
f 844 865 866
f 844 866 845
f 845 866 867
f 845 867 846
f 846 867 868
f 846 868 847
f 847 868 869
f 847 869 848
f 848 869 870
f 848 870 849
f 849 870 871
f 849 871 850
f 850 871 872
f 850 872 851
f 851 872 873
f 851 873 852
f 852 873 874
f 852 874 853
f 853 874 875
f 853 875 854
f 854 875 876
f 854 876 855
f 855 876 877
f 855 877 856
f 856 877 878
f 856 878 570
f 857 547 879
f 857 879 858
f 858 879 880
f 858 880 859
f 859 880 881
f 859 881 860
f 860 881 882
f 860 882 861
f 861 882 883
f 861 883 862
f 862 883 884
f 862 884 863
f 863 884 885
f 863 885 864
f 864 885 886
f 864 886 865
f 865 886 887
f 865 887 866
f 866 887 888
f 866 888 867
f 867 888 889
f 867 889 868
f 868 889 890
f 868 890 869
f 869 890 891
f 869 891 870
f 870 891 892
f 870 892 871
f 871 892 893
f 871 893 872
f 872 893 894
f 872 894 873
f 873 894 895
f 873 895 874
f 874 895 896
f 874 896 875
f 875 896 897
f 875 897 876
f 876 897 898
f 876 898 877
f 877 898 899
f 877 899 878
f 878 899 900
f 878 900 570
f 879 547 901
f 879 901 880
f 880 901 902
f 880 902 881
f 881 902 903
f 881 903 882
f 882 903 904
f 882 904 883
f 883 904 905
f 883 905 884
f 884 905 906
f 884 906 885
f 885 906 907
f 885 907 886
f 886 907 908
f 886 908 887
f 887 908 909
f 887 909 888
f 888 909 910
f 888 910 889
f 889 910 911
f 889 911 890
f 890 911 912
f 890 912 891
f 891 912 913
f 891 913 892
f 892 913 914
f 892 914 893
f 893 914 915
f 893 915 894
f 894 915 916
f 894 916 895
f 895 916 917
f 895 917 896
f 896 917 918
f 896 918 897
f 897 918 919
f 897 919 898
f 898 919 920
f 898 920 899
f 899 920 921
f 899 921 900
f 900 921 922
f 900 922 570
f 901 547 923
f 901 923 902
f 902 923 924
f 902 924 903
f 903 924 925
f 903 925 904
f 904 925 926
f 904 926 905
f 905 926 927
f 905 927 906
f 906 927 928
f 906 928 907
f 907 928 929
f 907 929 908
f 908 929 930
f 908 930 909
f 909 930 931
f 909 931 910
f 910 931 932
f 910 932 911
f 911 932 933
f 911 933 912
f 912 933 934
f 912 934 913
f 913 934 935
f 913 935 914
f 914 935 936
f 914 936 915
f 915 936 937
f 915 937 916
f 916 937 938
f 916 938 917
f 917 938 939
f 917 939 918
f 918 939 940
f 918 940 919
f 919 940 941
f 919 941 920
f 920 941 942
f 920 942 921
f 921 942 943
f 921 943 922
f 922 943 944
f 922 944 570
f 923 547 945
f 923 945 924
f 924 945 946
f 924 946 925
f 925 946 947
f 925 947 926
f 926 947 948
f 926 948 927
f 927 948 949
f 927 949 928
f 928 949 950
f 928 950 929
f 929 950 951
f 929 951 930
f 930 951 952
f 930 952 931
f 931 952 953
f 931 953 932
f 932 953 954
f 932 954 933
f 933 954 955
f 933 955 934
f 934 955 956
f 934 956 935
f 935 956 957
f 935 957 936
f 936 957 958
f 936 958 937
f 937 958 959
f 937 959 938
f 938 959 960
f 938 960 939
f 939 960 961
f 939 961 940
f 940 961 962
f 940 962 941
f 941 962 963
f 941 963 942
f 942 963 964
f 942 964 943
f 943 964 965
f 943 965 944
f 944 965 966
f 944 966 570
f 945 547 967
f 945 967 946
f 946 967 968
f 946 968 947
f 947 968 969
f 947 969 948
f 948 969 970
f 948 970 949
f 949 970 971
f 949 971 950
f 950 971 972
f 950 972 951
f 951 972 973
f 951 973 952
f 952 973 974
f 952 974 953
f 953 974 975
f 953 975 954
f 954 975 976
f 954 976 955
f 955 976 977
f 955 977 956
f 956 977 978
f 956 978 957
f 957 978 979
f 957 979 958
f 958 979 980
f 958 980 959
f 959 980 981
f 959 981 960
f 960 981 982
f 960 982 961
f 961 982 983
f 961 983 962
f 962 983 984
f 962 984 963
f 963 984 985
f 963 985 964
f 964 985 986
f 964 986 965
f 965 986 987
f 965 987 966
f 966 987 988
f 966 988 570
f 967 547 989
f 967 989 968
f 968 989 990
f 968 990 969
f 969 990 991
f 969 991 970
f 970 991 992
f 970 992 971
f 971 992 993
f 971 993 972
f 972 993 994
f 972 994 973
f 973 994 995
f 973 995 974
f 974 995 996
f 974 996 975
f 975 996 997
f 975 997 976
f 976 997 998
f 976 998 977
f 977 998 999
f 977 999 978
f 978 999 1000
f 978 1000 979
f 979 1000 1001
f 979 1001 980
f 980 1001 1002
f 980 1002 981
f 981 1002 1003
f 981 1003 982
f 982 1003 1004
f 982 1004 983
f 983 1004 1005
f 983 1005 984
f 984 1005 1006
f 984 1006 985
f 985 1006 1007
f 985 1007 986
f 986 1007 1008
f 986 1008 987
f 987 1008 1009
f 987 1009 988
f 988 1009 1010
f 988 1010 570
f 989 547 1011
f 989 1011 990
f 990 1011 1012
f 990 1012 991
f 991 1012 1013
f 991 1013 992
f 992 1013 1014
f 992 1014 993
f 993 1014 1015
f 993 1015 994
f 994 1015 1016
f 994 1016 995
f 995 1016 1017
f 995 1017 996
f 996 1017 1018
f 996 1018 997
f 997 1018 1019
f 997 1019 998
f 998 1019 1020
f 998 1020 999
f 999 1020 1021
f 999 1021 1000
f 1000 1021 1022
f 1000 1022 1001
f 1001 1022 1023
f 1001 1023 1002
f 1002 1023 1024
f 1002 1024 1003
f 1003 1024 1025
f 1003 1025 1004
f 1004 1025 1026
f 1004 1026 1005
f 1005 1026 1027
f 1005 1027 1006
f 1006 1027 1028
f 1006 1028 1007
f 1007 1028 1029
f 1007 1029 1008
f 1008 1029 1030
f 1008 1030 1009
f 1009 1030 1031
f 1009 1031 1010
f 1010 1031 1032
f 1010 1032 570
f 1011 547 1033
f 1011 1033 1012
f 1012 1033 1034
f 1012 1034 1013
f 1013 1034 1035
f 1013 1035 1014
f 1014 1035 1036
f 1014 1036 1015
f 1015 1036 1037
f 1015 1037 1016
f 1016 1037 1038
f 1016 1038 1017
f 1017 1038 1039
f 1017 1039 1018
f 1018 1039 1040
f 1018 1040 1019
f 1019 1040 1041
f 1019 1041 1020
f 1020 1041 1042
f 1020 1042 1021
f 1021 1042 1043
f 1021 1043 1022
f 1022 1043 1044
f 1022 1044 1023
f 1023 1044 1045
f 1023 1045 1024
f 1024 1045 1046
f 1024 1046 1025
f 1025 1046 1047
f 1025 1047 1026
f 1026 1047 1048
f 1026 1048 1027
f 1027 1048 1049
f 1027 1049 1028
f 1028 1049 1050
f 1028 1050 1029
f 1029 1050 1051
f 1029 1051 1030
f 1030 1051 1052
f 1030 1052 1031
f 1031 1052 1053
f 1031 1053 1032
f 1032 1053 1054
f 1032 1054 570
f 1033 547 1055
f 1033 1055 1034
f 1034 1055 1056
f 1034 1056 1035
f 1035 1056 1057
f 1035 1057 1036
f 1036 1057 1058
f 1036 1058 1037
f 1037 1058 1059
f 1037 1059 1038
f 1038 1059 1060
f 1038 1060 1039
f 1039 1060 1061
f 1039 1061 1040
f 1040 1061 1062
f 1040 1062 1041
f 1041 1062 1063
f 1041 1063 1042
f 1042 1063 1064
f 1042 1064 1043
f 1043 1064 1065
f 1043 1065 1044
f 1044 1065 1066
f 1044 1066 1045
f 1045 1066 1067
f 1045 1067 1046
f 1046 1067 1068
f 1046 1068 1047
f 1047 1068 1069
f 1047 1069 1048
f 1048 1069 1070
f 1048 1070 1049
f 1049 1070 1071
f 1049 1071 1050
f 1050 1071 1072
f 1050 1072 1051
f 1051 1072 1073
f 1051 1073 1052
f 1052 1073 1074
f 1052 1074 1053
f 1053 1074 1075
f 1053 1075 1054
f 1054 1075 1076
f 1054 1076 570
f 1055 547 548
f 1055 548 1056
f 1056 548 549
f 1056 549 1057
f 1057 549 550
f 1057 550 1058
f 1058 550 551
f 1058 551 1059
f 1059 551 552
f 1059 552 1060
f 1060 552 553
f 1060 553 1061
f 1061 553 554
f 1061 554 1062
f 1062 554 555
f 1062 555 1063
f 1063 555 556
f 1063 556 1064
f 1064 556 557
f 1064 557 1065
f 1065 557 558
f 1065 558 1066
f 1066 558 559
f 1066 559 1067
f 1067 559 560
f 1067 560 1068
f 1068 560 561
f 1068 561 1069
f 1069 561 562
f 1069 562 1070
f 1070 562 563
f 1070 563 1071
f 1071 563 564
f 1071 564 1072
f 1072 564 565
f 1072 565 1073
f 1073 565 566
f 1073 566 1074
f 1074 566 567
f 1074 567 1075
f 1075 567 568
f 1075 568 1076
f 1076 568 569
f 1076 569 570
f 1078 1080 1077
f 1081 1078 1077
f 1077 1080 1079
f 1079 1081 1077
f 1078 1084 1080
f 1082 1078 1081
f 1082 1084 1078
f 1080 1084 1079
f 1083 1081 1079
f 1079 1084 1083
f 1083 1082 1081
f 1084 1082 1083
f 1086 1088 1085
f 1089 1086 1085
f 1085 1088 1087
f 1087 1089 1085
f 1086 1092 1088
f 1090 1086 1089
f 1090 1092 1086
f 1088 1092 1087
f 1091 1089 1087
f 1087 1092 1091
f 1091 1090 1089
f 1092 1090 1091
f 1094 1093 1117
f 1094 1117 1095
f 1095 1117 1118
f 1095 1118 1096
f 1096 1118 1119
f 1096 1119 1097
f 1097 1119 1120
f 1097 1120 1098
f 1098 1120 1121
f 1098 1121 1099
f 1099 1121 1122
f 1099 1122 1100
f 1100 1122 1123
f 1100 1123 1101
f 1101 1123 1124
f 1101 1124 1102
f 1102 1124 1125
f 1102 1125 1103
f 1103 1125 1126
f 1103 1126 1104
f 1104 1126 1127
f 1104 1127 1105
f 1105 1127 1128
f 1105 1128 1106
f 1106 1128 1129
f 1106 1129 1107
f 1107 1129 1130
f 1107 1130 1108
f 1108 1130 1131
f 1108 1131 1109
f 1109 1131 1132
f 1109 1132 1110
f 1110 1132 1133
f 1110 1133 1111
f 1111 1133 1134
f 1111 1134 1112
f 1112 1134 1135
f 1112 1135 1113
f 1113 1135 1136
f 1113 1136 1114
f 1114 1136 1137
f 1114 1137 1115
f 1115 1137 1138
f 1115 1138 1116
f 1117 1093 1139
f 1117 1139 1118
f 1118 1139 1140
f 1118 1140 1119
f 1119 1140 1141
f 1119 1141 1120
f 1120 1141 1142
f 1120 1142 1121
f 1121 1142 1143
f 1121 1143 1122
f 1122 1143 1144
f 1122 1144 1123
f 1123 1144 1145
f 1123 1145 1124
f 1124 1145 1146
f 1124 1146 1125
f 1125 1146 1147
f 1125 1147 1126
f 1126 1147 1148
f 1126 1148 1127
f 1127 1148 1149
f 1127 1149 1128
f 1128 1149 1150
f 1128 1150 1129
f 1129 1150 1151
f 1129 1151 1130
f 1130 1151 1152
f 1130 1152 1131
f 1131 1152 1153
f 1131 1153 1132
f 1132 1153 1154
f 1132 1154 1133
f 1133 1154 1155
f 1133 1155 1134
f 1134 1155 1156
f 1134 1156 1135
f 1135 1156 1157
f 1135 1157 1136
f 1136 1157 1158
f 1136 1158 1137
f 1137 1158 1159
f 1137 1159 1138
f 1138 1159 1160
f 1138 1160 1116
f 1139 1093 1161
f 1139 1161 1140
f 1140 1161 1162
f 1140 1162 1141
f 1141 1162 1163
f 1141 1163 1142
f 1142 1163 1164
f 1142 1164 1143
f 1143 1164 1165
f 1143 1165 1144
f 1144 1165 1166
f 1144 1166 1145
f 1145 1166 1167
f 1145 1167 1146
f 1146 1167 1168
f 1146 1168 1147
f 1147 1168 1169
f 1147 1169 1148
f 1148 1169 1170
f 1148 1170 1149
f 1149 1170 1171
f 1149 1171 1150
f 1150 1171 1172
f 1150 1172 1151
f 1151 1172 1173
f 1151 1173 1152
f 1152 1173 1174
f 1152 1174 1153
f 1153 1174 1175
f 1153 1175 1154
f 1154 1175 1176
f 1154 1176 1155
f 1155 1176 1177
f 1155 1177 1156
f 1156 1177 1178
f 1156 1178 1157
f 1157 1178 1179
f 1157 1179 1158
f 1158 1179 1180
f 1158 1180 1159
f 1159 1180 1181
f 1159 1181 1160
f 1160 1181 1182
f 1160 1182 1116
f 1161 1093 1183
f 1161 1183 1162
f 1162 1183 1184
f 1162 1184 1163
f 1163 1184 1185
f 1163 1185 1164
f 1164 1185 1186
f 1164 1186 1165
f 1165 1186 1187
f 1165 1187 1166
f 1166 1187 1188
f 1166 1188 1167
f 1167 1188 1189
f 1167 1189 1168
f 1168 1189 1190
f 1168 1190 1169
f 1169 1190 1191
f 1169 1191 1170
f 1170 1191 1192
f 1170 1192 1171
f 1171 1192 1193
f 1171 1193 1172
f 1172 1193 1194
f 1172 1194 1173
f 1173 1194 1195
f 1173 1195 1174
f 1174 1195 1196
f 1174 1196 1175
f 1175 1196 1197
f 1175 1197 1176
f 1176 1197 1198
f 1176 1198 1177
f 1177 1198 1199
f 1177 1199 1178
f 1178 1199 1200
f 1178 1200 1179
f 1179 1200 1201
f 1179 1201 1180
f 1180 1201 1202
f 1180 1202 1181
f 1181 1202 1203
f 1181 1203 1182
f 1182 1203 1204
f 1182 1204 1116
f 1183 1093 1205
f 1183 1205 1184
f 1184 1205 1206
f 1184 1206 1185
f 1185 1206 1207
f 1185 1207 1186
f 1186 1207 1208
f 1186 1208 1187
f 1187 1208 1209
f 1187 1209 1188
f 1188 1209 1210
f 1188 1210 1189
f 1189 1210 1211
f 1189 1211 1190
f 1190 1211 1212
f 1190 1212 1191
f 1191 1212 1213
f 1191 1213 1192
f 1192 1213 1214
f 1192 1214 1193
f 1193 1214 1215
f 1193 1215 1194
f 1194 1215 1216
f 1194 1216 1195
f 1195 1216 1217
f 1195 1217 1196
f 1196 1217 1218
f 1196 1218 1197
f 1197 1218 1219
f 1197 1219 1198
f 1198 1219 1220
f 1198 1220 1199
f 1199 1220 1221
f 1199 1221 1200
f 1200 1221 1222
f 1200 1222 1201
f 1201 1222 1223
f 1201 1223 1202
f 1202 1223 1224
f 1202 1224 1203
f 1203 1224 1225
f 1203 1225 1204
f 1204 1225 1226
f 1204 1226 1116
f 1205 1093 1227
f 1205 1227 1206
f 1206 1227 1228
f 1206 1228 1207
f 1207 1228 1229
f 1207 1229 1208
f 1208 1229 1230
f 1208 1230 1209
f 1209 1230 1231
f 1209 1231 1210
f 1210 1231 1232
f 1210 1232 1211
f 1211 1232 1233
f 1211 1233 1212
f 1212 1233 1234
f 1212 1234 1213
f 1213 1234 1235
f 1213 1235 1214
f 1214 1235 1236
f 1214 1236 1215
f 1215 1236 1237
f 1215 1237 1216
f 1216 1237 1238
f 1216 1238 1217
f 1217 1238 1239
f 1217 1239 1218
f 1218 1239 1240
f 1218 1240 1219
f 1219 1240 1241
f 1219 1241 1220
f 1220 1241 1242
f 1220 1242 1221
f 1221 1242 1243
f 1221 1243 1222
f 1222 1243 1244
f 1222 1244 1223
f 1223 1244 1245
f 1223 1245 1224
f 1224 1245 1246
f 1224 1246 1225
f 1225 1246 1247
f 1225 1247 1226
f 1226 1247 1248
f 1226 1248 1116
f 1227 1093 1249
f 1227 1249 1228
f 1228 1249 1250
f 1228 1250 1229
f 1229 1250 1251
f 1229 1251 1230
f 1230 1251 1252
f 1230 1252 1231
f 1231 1252 1253
f 1231 1253 1232
f 1232 1253 1254
f 1232 1254 1233
f 1233 1254 1255
f 1233 1255 1234
f 1234 1255 1256
f 1234 1256 1235
f 1235 1256 1257
f 1235 1257 1236
f 1236 1257 1258
f 1236 1258 1237
f 1237 1258 1259
f 1237 1259 1238
f 1238 1259 1260
f 1238 1260 1239
f 1239 1260 1261
f 1239 1261 1240
f 1240 1261 1262
f 1240 1262 1241
f 1241 1262 1263
f 1241 1263 1242
f 1242 1263 1264
f 1242 1264 1243
f 1243 1264 1265
f 1243 1265 1244
f 1244 1265 1266
f 1244 1266 1245
f 1245 1266 1267
f 1245 1267 1246
f 1246 1267 1268
f 1246 1268 1247
f 1247 1268 1269
f 1247 1269 1248
f 1248 1269 1270
f 1248 1270 1116
f 1249 1093 1271
f 1249 1271 1250
f 1250 1271 1272
f 1250 1272 1251
f 1251 1272 1273
f 1251 1273 1252
f 1252 1273 1274
f 1252 1274 1253
f 1253 1274 1275
f 1253 1275 1254
f 1254 1275 1276
f 1254 1276 1255
f 1255 1276 1277
f 1255 1277 1256
f 1256 1277 1278
f 1256 1278 1257
f 1257 1278 1279
f 1257 1279 1258
f 1258 1279 1280
f 1258 1280 1259
f 1259 1280 1281
f 1259 1281 1260
f 1260 1281 1282
f 1260 1282 1261
f 1261 1282 1283
f 1261 1283 1262
f 1262 1283 1284
f 1262 1284 1263
f 1263 1284 1285
f 1263 1285 1264
f 1264 1285 1286
f 1264 1286 1265
f 1265 1286 1287
f 1265 1287 1266
f 1266 1287 1288
f 1266 1288 1267
f 1267 1288 1289
f 1267 1289 1268
f 1268 1289 1290
f 1268 1290 1269
f 1269 1290 1291
f 1269 1291 1270
f 1270 1291 1292
f 1270 1292 1116
f 1271 1093 1293
f 1271 1293 1272
f 1272 1293 1294
f 1272 1294 1273
f 1273 1294 1295
f 1273 1295 1274
f 1274 1295 1296
f 1274 1296 1275
f 1275 1296 1297
f 1275 1297 1276
f 1276 1297 1298
f 1276 1298 1277
f 1277 1298 1299
f 1277 1299 1278
f 1278 1299 1300
f 1278 1300 1279
f 1279 1300 1301
f 1279 1301 1280
f 1280 1301 1302
f 1280 1302 1281
f 1281 1302 1303
f 1281 1303 1282
f 1282 1303 1304
f 1282 1304 1283
f 1283 1304 1305
f 1283 1305 1284
f 1284 1305 1306
f 1284 1306 1285
f 1285 1306 1307
f 1285 1307 1286
f 1286 1307 1308
f 1286 1308 1287
f 1287 1308 1309
f 1287 1309 1288
f 1288 1309 1310
f 1288 1310 1289
f 1289 1310 1311
f 1289 1311 1290
f 1290 1311 1312
f 1290 1312 1291
f 1291 1312 1313
f 1291 1313 1292
f 1292 1313 1314
f 1292 1314 1116
f 1293 1093 1315
f 1293 1315 1294
f 1294 1315 1316
f 1294 1316 1295
f 1295 1316 1317
f 1295 1317 1296
f 1296 1317 1318
f 1296 1318 1297
f 1297 1318 1319
f 1297 1319 1298
f 1298 1319 1320
f 1298 1320 1299
f 1299 1320 1321
f 1299 1321 1300
f 1300 1321 1322
f 1300 1322 1301
f 1301 1322 1323
f 1301 1323 1302
f 1302 1323 1324
f 1302 1324 1303
f 1303 1324 1325
f 1303 1325 1304
f 1304 1325 1326
f 1304 1326 1305
f 1305 1326 1327
f 1305 1327 1306
f 1306 1327 1328
f 1306 1328 1307
f 1307 1328 1329
f 1307 1329 1308
f 1308 1329 1330
f 1308 1330 1309
f 1309 1330 1331
f 1309 1331 1310
f 1310 1331 1332
f 1310 1332 1311
f 1311 1332 1333
f 1311 1333 1312
f 1312 1333 1334
f 1312 1334 1313
f 1313 1334 1335
f 1313 1335 1314
f 1314 1335 1336
f 1314 1336 1116
f 1315 1093 1337
f 1315 1337 1316
f 1316 1337 1338
f 1316 1338 1317
f 1317 1338 1339
f 1317 1339 1318
f 1318 1339 1340
f 1318 1340 1319
f 1319 1340 1341
f 1319 1341 1320
f 1320 1341 1342
f 1320 1342 1321
f 1321 1342 1343
f 1321 1343 1322
f 1322 1343 1344
f 1322 1344 1323
f 1323 1344 1345
f 1323 1345 1324
f 1324 1345 1346
f 1324 1346 1325
f 1325 1346 1347
f 1325 1347 1326
f 1326 1347 1348
f 1326 1348 1327
f 1327 1348 1349
f 1327 1349 1328
f 1328 1349 1350
f 1328 1350 1329
f 1329 1350 1351
f 1329 1351 1330
f 1330 1351 1352
f 1330 1352 1331
f 1331 1352 1353
f 1331 1353 1332
f 1332 1353 1354
f 1332 1354 1333
f 1333 1354 1355
f 1333 1355 1334
f 1334 1355 1356
f 1334 1356 1335
f 1335 1356 1357
f 1335 1357 1336
f 1336 1357 1358
f 1336 1358 1116
f 1337 1093 1359
f 1337 1359 1338
f 1338 1359 1360
f 1338 1360 1339
f 1339 1360 1361
f 1339 1361 1340
f 1340 1361 1362
f 1340 1362 1341
f 1341 1362 1363
f 1341 1363 1342
f 1342 1363 1364
f 1342 1364 1343
f 1343 1364 1365
f 1343 1365 1344
f 1344 1365 1366
f 1344 1366 1345
f 1345 1366 1367
f 1345 1367 1346
f 1346 1367 1368
f 1346 1368 1347
f 1347 1368 1369
f 1347 1369 1348
f 1348 1369 1370
f 1348 1370 1349
f 1349 1370 1371
f 1349 1371 1350
f 1350 1371 1372
f 1350 1372 1351
f 1351 1372 1373
f 1351 1373 1352
f 1352 1373 1374
f 1352 1374 1353
f 1353 1374 1375
f 1353 1375 1354
f 1354 1375 1376
f 1354 1376 1355
f 1355 1376 1377
f 1355 1377 1356
f 1356 1377 1378
f 1356 1378 1357
f 1357 1378 1379
f 1357 1379 1358
f 1358 1379 1380
f 1358 1380 1116
f 1359 1093 1381
f 1359 1381 1360
f 1360 1381 1382
f 1360 1382 1361
f 1361 1382 1383
f 1361 1383 1362
f 1362 1383 1384
f 1362 1384 1363
f 1363 1384 1385
f 1363 1385 1364
f 1364 1385 1386
f 1364 1386 1365
f 1365 1386 1387
f 1365 1387 1366
f 1366 1387 1388
f 1366 1388 1367
f 1367 1388 1389
f 1367 1389 1368
f 1368 1389 1390
f 1368 1390 1369
f 1369 1390 1391
f 1369 1391 1370
f 1370 1391 1392
f 1370 1392 1371
f 1371 1392 1393
f 1371 1393 1372
f 1372 1393 1394
f 1372 1394 1373
f 1373 1394 1395
f 1373 1395 1374
f 1374 1395 1396
f 1374 1396 1375
f 1375 1396 1397
f 1375 1397 1376
f 1376 1397 1398
f 1376 1398 1377
f 1377 1398 1399
f 1377 1399 1378
f 1378 1399 1400
f 1378 1400 1379
f 1379 1400 1401
f 1379 1401 1380
f 1380 1401 1402
f 1380 1402 1116
f 1381 1093 1403
f 1381 1403 1382
f 1382 1403 1404
f 1382 1404 1383
f 1383 1404 1405
f 1383 1405 1384
f 1384 1405 1406
f 1384 1406 1385
f 1385 1406 1407
f 1385 1407 1386
f 1386 1407 1408
f 1386 1408 1387
f 1387 1408 1409
f 1387 1409 1388
f 1388 1409 1410
f 1388 1410 1389
f 1389 1410 1411
f 1389 1411 1390
f 1390 1411 1412
f 1390 1412 1391
f 1391 1412 1413
f 1391 1413 1392
f 1392 1413 1414
f 1392 1414 1393
f 1393 1414 1415
f 1393 1415 1394
f 1394 1415 1416
f 1394 1416 1395
f 1395 1416 1417
f 1395 1417 1396
f 1396 1417 1418
f 1396 1418 1397
f 1397 1418 1419
f 1397 1419 1398
f 1398 1419 1420
f 1398 1420 1399
f 1399 1420 1421
f 1399 1421 1400
f 1400 1421 1422
f 1400 1422 1401
f 1401 1422 1423
f 1401 1423 1402
f 1402 1423 1424
f 1402 1424 1116
f 1403 1093 1425
f 1403 1425 1404
f 1404 1425 1426
f 1404 1426 1405
f 1405 1426 1427
f 1405 1427 1406
f 1406 1427 1428
f 1406 1428 1407
f 1407 1428 1429
f 1407 1429 1408
f 1408 1429 1430
f 1408 1430 1409
f 1409 1430 1431
f 1409 1431 1410
f 1410 1431 1432
f 1410 1432 1411
f 1411 1432 1433
f 1411 1433 1412
f 1412 1433 1434
f 1412 1434 1413
f 1413 1434 1435
f 1413 1435 1414
f 1414 1435 1436
f 1414 1436 1415
f 1415 1436 1437
f 1415 1437 1416
f 1416 1437 1438
f 1416 1438 1417
f 1417 1438 1439
f 1417 1439 1418
f 1418 1439 1440
f 1418 1440 1419
f 1419 1440 1441
f 1419 1441 1420
f 1420 1441 1442
f 1420 1442 1421
f 1421 1442 1443
f 1421 1443 1422
f 1422 1443 1444
f 1422 1444 1423
f 1423 1444 1445
f 1423 1445 1424
f 1424 1445 1446
f 1424 1446 1116
f 1425 1093 1447
f 1425 1447 1426
f 1426 1447 1448
f 1426 1448 1427
f 1427 1448 1449
f 1427 1449 1428
f 1428 1449 1450
f 1428 1450 1429
f 1429 1450 1451
f 1429 1451 1430
f 1430 1451 1452
f 1430 1452 1431
f 1431 1452 1453
f 1431 1453 1432
f 1432 1453 1454
f 1432 1454 1433
f 1433 1454 1455
f 1433 1455 1434
f 1434 1455 1456
f 1434 1456 1435
f 1435 1456 1457
f 1435 1457 1436
f 1436 1457 1458
f 1436 1458 1437
f 1437 1458 1459
f 1437 1459 1438
f 1438 1459 1460
f 1438 1460 1439
f 1439 1460 1461
f 1439 1461 1440
f 1440 1461 1462
f 1440 1462 1441
f 1441 1462 1463
f 1441 1463 1442
f 1442 1463 1464
f 1442 1464 1443
f 1443 1464 1465
f 1443 1465 1444
f 1444 1465 1466
f 1444 1466 1445
f 1445 1466 1467
f 1445 1467 1446
f 1446 1467 1468
f 1446 1468 1116
f 1447 1093 1469
f 1447 1469 1448
f 1448 1469 1470
f 1448 1470 1449
f 1449 1470 1471
f 1449 1471 1450
f 1450 1471 1472
f 1450 1472 1451
f 1451 1472 1473
f 1451 1473 1452
f 1452 1473 1474
f 1452 1474 1453
f 1453 1474 1475
f 1453 1475 1454
f 1454 1475 1476
f 1454 1476 1455
f 1455 1476 1477
f 1455 1477 1456
f 1456 1477 1478
f 1456 1478 1457
f 1457 1478 1479
f 1457 1479 1458
f 1458 1479 1480
f 1458 1480 1459
f 1459 1480 1481
f 1459 1481 1460
f 1460 1481 1482
f 1460 1482 1461
f 1461 1482 1483
f 1461 1483 1462
f 1462 1483 1484
f 1462 1484 1463
f 1463 1484 1485
f 1463 1485 1464
f 1464 1485 1486
f 1464 1486 1465
f 1465 1486 1487
f 1465 1487 1466
f 1466 1487 1488
f 1466 1488 1467
f 1467 1488 1489
f 1467 1489 1468
f 1468 1489 1490
f 1468 1490 1116
f 1469 1093 1491
f 1469 1491 1470
f 1470 1491 1492
f 1470 1492 1471
f 1471 1492 1493
f 1471 1493 1472
f 1472 1493 1494
f 1472 1494 1473
f 1473 1494 1495
f 1473 1495 1474
f 1474 1495 1496
f 1474 1496 1475
f 1475 1496 1497
f 1475 1497 1476
f 1476 1497 1498
f 1476 1498 1477
f 1477 1498 1499
f 1477 1499 1478
f 1478 1499 1500
f 1478 1500 1479
f 1479 1500 1501
f 1479 1501 1480
f 1480 1501 1502
f 1480 1502 1481
f 1481 1502 1503
f 1481 1503 1482
f 1482 1503 1504
f 1482 1504 1483
f 1483 1504 1505
f 1483 1505 1484
f 1484 1505 1506
f 1484 1506 1485
f 1485 1506 1507
f 1485 1507 1486
f 1486 1507 1508
f 1486 1508 1487
f 1487 1508 1509
f 1487 1509 1488
f 1488 1509 1510
f 1488 1510 1489
f 1489 1510 1511
f 1489 1511 1490
f 1490 1511 1512
f 1490 1512 1116
f 1491 1093 1513
f 1491 1513 1492
f 1492 1513 1514
f 1492 1514 1493
f 1493 1514 1515
f 1493 1515 1494
f 1494 1515 1516
f 1494 1516 1495
f 1495 1516 1517
f 1495 1517 1496
f 1496 1517 1518
f 1496 1518 1497
f 1497 1518 1519
f 1497 1519 1498
f 1498 1519 1520
f 1498 1520 1499
f 1499 1520 1521
f 1499 1521 1500
f 1500 1521 1522
f 1500 1522 1501
f 1501 1522 1523
f 1501 1523 1502
f 1502 1523 1524
f 1502 1524 1503
f 1503 1524 1525
f 1503 1525 1504
f 1504 1525 1526
f 1504 1526 1505
f 1505 1526 1527
f 1505 1527 1506
f 1506 1527 1528
f 1506 1528 1507
f 1507 1528 1529
f 1507 1529 1508
f 1508 1529 1530
f 1508 1530 1509
f 1509 1530 1531
f 1509 1531 1510
f 1510 1531 1532
f 1510 1532 1511
f 1511 1532 1533
f 1511 1533 1512
f 1512 1533 1534
f 1512 1534 1116
f 1513 1093 1535
f 1513 1535 1514
f 1514 1535 1536
f 1514 1536 1515
f 1515 1536 1537
f 1515 1537 1516
f 1516 1537 1538
f 1516 1538 1517
f 1517 1538 1539
f 1517 1539 1518
f 1518 1539 1540
f 1518 1540 1519
f 1519 1540 1541
f 1519 1541 1520
f 1520 1541 1542
f 1520 1542 1521
f 1521 1542 1543
f 1521 1543 1522
f 1522 1543 1544
f 1522 1544 1523
f 1523 1544 1545
f 1523 1545 1524
f 1524 1545 1546
f 1524 1546 1525
f 1525 1546 1547
f 1525 1547 1526
f 1526 1547 1548
f 1526 1548 1527
f 1527 1548 1549
f 1527 1549 1528
f 1528 1549 1550
f 1528 1550 1529
f 1529 1550 1551
f 1529 1551 1530
f 1530 1551 1552
f 1530 1552 1531
f 1531 1552 1553
f 1531 1553 1532
f 1532 1553 1554
f 1532 1554 1533
f 1533 1554 1555
f 1533 1555 1534
f 1534 1555 1556
f 1534 1556 1116
f 1535 1093 1557
f 1535 1557 1536
f 1536 1557 1558
f 1536 1558 1537
f 1537 1558 1559
f 1537 1559 1538
f 1538 1559 1560
f 1538 1560 1539
f 1539 1560 1561
f 1539 1561 1540
f 1540 1561 1562
f 1540 1562 1541
f 1541 1562 1563
f 1541 1563 1542
f 1542 1563 1564
f 1542 1564 1543
f 1543 1564 1565
f 1543 1565 1544
f 1544 1565 1566
f 1544 1566 1545
f 1545 1566 1567
f 1545 1567 1546
f 1546 1567 1568
f 1546 1568 1547
f 1547 1568 1569
f 1547 1569 1548
f 1548 1569 1570
f 1548 1570 1549
f 1549 1570 1571
f 1549 1571 1550
f 1550 1571 1572
f 1550 1572 1551
f 1551 1572 1573
f 1551 1573 1552
f 1552 1573 1574
f 1552 1574 1553
f 1553 1574 1575
f 1553 1575 1554
f 1554 1575 1576
f 1554 1576 1555
f 1555 1576 1577
f 1555 1577 1556
f 1556 1577 1578
f 1556 1578 1116
f 1557 1093 1579
f 1557 1579 1558
f 1558 1579 1580
f 1558 1580 1559
f 1559 1580 1581
f 1559 1581 1560
f 1560 1581 1582
f 1560 1582 1561
f 1561 1582 1583
f 1561 1583 1562
f 1562 1583 1584
f 1562 1584 1563
f 1563 1584 1585
f 1563 1585 1564
f 1564 1585 1586
f 1564 1586 1565
f 1565 1586 1587
f 1565 1587 1566
f 1566 1587 1588
f 1566 1588 1567
f 1567 1588 1589
f 1567 1589 1568
f 1568 1589 1590
f 1568 1590 1569
f 1569 1590 1591
f 1569 1591 1570
f 1570 1591 1592
f 1570 1592 1571
f 1571 1592 1593
f 1571 1593 1572
f 1572 1593 1594
f 1572 1594 1573
f 1573 1594 1595
f 1573 1595 1574
f 1574 1595 1596
f 1574 1596 1575
f 1575 1596 1597
f 1575 1597 1576
f 1576 1597 1598
f 1576 1598 1577
f 1577 1598 1599
f 1577 1599 1578
f 1578 1599 1600
f 1578 1600 1116
f 1579 1093 1601
f 1579 1601 1580
f 1580 1601 1602
f 1580 1602 1581
f 1581 1602 1603
f 1581 1603 1582
f 1582 1603 1604
f 1582 1604 1583
f 1583 1604 1605
f 1583 1605 1584
f 1584 1605 1606
f 1584 1606 1585
f 1585 1606 1607
f 1585 1607 1586
f 1586 1607 1608
f 1586 1608 1587
f 1587 1608 1609
f 1587 1609 1588
f 1588 1609 1610
f 1588 1610 1589
f 1589 1610 1611
f 1589 1611 1590
f 1590 1611 1612
f 1590 1612 1591
f 1591 1612 1613
f 1591 1613 1592
f 1592 1613 1614
f 1592 1614 1593
f 1593 1614 1615
f 1593 1615 1594
f 1594 1615 1616
f 1594 1616 1595
f 1595 1616 1617
f 1595 1617 1596
f 1596 1617 1618
f 1596 1618 1597
f 1597 1618 1619
f 1597 1619 1598
f 1598 1619 1620
f 1598 1620 1599
f 1599 1620 1621
f 1599 1621 1600
f 1600 1621 1622
f 1600 1622 1116
f 1601 1093 1094
f 1601 1094 1602
f 1602 1094 1095
f 1602 1095 1603
f 1603 1095 1096
f 1603 1096 1604
f 1604 1096 1097
f 1604 1097 1605
f 1605 1097 1098
f 1605 1098 1606
f 1606 1098 1099
f 1606 1099 1607
f 1607 1099 1100
f 1607 1100 1608
f 1608 1100 1101
f 1608 1101 1609
f 1609 1101 1102
f 1609 1102 1610
f 1610 1102 1103
f 1610 1103 1611
f 1611 1103 1104
f 1611 1104 1612
f 1612 1104 1105
f 1612 1105 1613
f 1613 1105 1106
f 1613 1106 1614
f 1614 1106 1107
f 1614 1107 1615
f 1615 1107 1108
f 1615 1108 1616
f 1616 1108 1109
f 1616 1109 1617
f 1617 1109 1110
f 1617 1110 1618
f 1618 1110 1111
f 1618 1111 1619
f 1619 1111 1112
f 1619 1112 1620
f 1620 1112 1113
f 1620 1113 1621
f 1621 1113 1114
f 1621 1114 1622
f 1622 1114 1115
f 1622 1115 1116
f 1623 2155 1819
f 2155 1760 2157
f 1819 2157 1676
f 2155 2157 1819
f 1760 2156 2164
f 2156 1660 2162
f 2164 2162 1762
f 2156 2162 2164
f 1676 2163 1820
f 2163 1762 2161
f 1820 2161 1639
f 2163 2161 1820
f 1760 2164 2157
f 2164 1762 2163
f 2157 2163 1676
f 2164 2163 2157
f 1660 2160 2223
f 2160 1761 2225
f 2223 2225 1777
f 2160 2225 2223
f 1761 2159 2211
f 2159 1634 2209
f 2211 2209 1774
f 2159 2209 2211
f 1777 2227 2224
f 2227 1774 2210
f 2224 2210 1663
f 2227 2210 2224
f 1761 2211 2225
f 2211 1774 2227
f 2225 2227 1777
f 2211 2227 2225
f 1639 2213 1823
f 2213 1775 2215
f 1823 2215 1677
f 2213 2215 1823
f 1775 2214 2217
f 2214 1663 2206
f 2217 2206 1773
f 2214 2206 2217
f 1677 2207 1822
f 2207 1773 2205
f 1822 2205 1628
f 2207 2205 1822
f 1775 2217 2215
f 2217 1773 2207
f 2215 2207 1677
f 2217 2207 2215
f 1660 2223 2162
f 2223 1777 2226
f 2162 2226 1762
f 2223 2226 2162
f 1777 2224 2228
f 2224 1663 2214
f 2228 2214 1775
f 2224 2214 2228
f 1762 2216 2161
f 2216 1775 2213
f 2161 2213 1639
f 2216 2213 2161
f 1777 2228 2226
f 2228 1775 2216
f 2226 2216 1762
f 2228 2216 2226
f 1623 1819 1785
f 1819 1676 1821
f 1785 1821 1665
f 1819 1821 1785
f 1676 1820 1827
f 1820 1639 1825
f 1827 1825 1678
f 1820 1825 1827
f 1665 1826 1786
f 1826 1678 1824
f 1786 1824 1635
f 1826 1824 1786
f 1676 1827 1821
f 1827 1678 1826
f 1821 1826 1665
f 1827 1826 1821
f 1639 1823 1839
f 1823 1677 1841
f 1839 1841 1682
f 1823 1841 1839
f 1677 1822 1833
f 1822 1628 1831
f 1833 1831 1680
f 1822 1831 1833
f 1682 1843 1840
f 1843 1680 1832
f 1840 1832 1640
f 1843 1832 1840
f 1677 1833 1841
f 1833 1680 1843
f 1841 1843 1682
f 1833 1843 1841
f 1635 1834 1788
f 1834 1681 1836
f 1788 1836 1666
f 1834 1836 1788
f 1681 1835 1838
f 1835 1640 1829
f 1838 1829 1679
f 1835 1829 1838
f 1666 1830 1787
f 1830 1679 1828
f 1787 1828 1624
f 1830 1828 1787
f 1681 1838 1836
f 1838 1679 1830
f 1836 1830 1666
f 1838 1830 1836
f 1639 1839 1825
f 1839 1682 1842
f 1825 1842 1678
f 1839 1842 1825
f 1682 1840 1844
f 1840 1640 1835
f 1844 1835 1681
f 1840 1835 1844
f 1678 1837 1824
f 1837 1681 1834
f 1824 1834 1635
f 1837 1834 1824
f 1682 1844 1842
f 1844 1681 1837
f 1842 1837 1678
f 1844 1837 1842
f 1623 1785 1875
f 1785 1665 1877
f 1875 1877 1692
f 1785 1877 1875
f 1665 1786 1882
f 1786 1635 1880
f 1882 1880 1694
f 1786 1880 1882
f 1692 1883 1876
f 1883 1694 1881
f 1876 1881 1644
f 1883 1881 1876
f 1665 1882 1877
f 1882 1694 1883
f 1877 1883 1692
f 1882 1883 1877
f 1635 1788 1890
f 1788 1666 1892
f 1890 1892 1697
f 1788 1892 1890
f 1666 1787 1886
f 1787 1624 1884
f 1886 1884 1695
f 1787 1884 1886
f 1697 1894 1891
f 1894 1695 1885
f 1891 1885 1645
f 1894 1885 1891
f 1666 1886 1892
f 1886 1695 1894
f 1892 1894 1697
f 1886 1894 1892
f 1644 1895 1879
f 1895 1698 1897
f 1879 1897 1693
f 1895 1897 1879
f 1698 1896 1899
f 1896 1645 1888
f 1899 1888 1696
f 1896 1888 1899
f 1693 1889 1878
f 1889 1696 1887
f 1878 1887 1630
f 1889 1887 1878
f 1698 1899 1897
f 1899 1696 1889
f 1897 1889 1693
f 1899 1889 1897
f 1635 1890 1880
f 1890 1697 1893
f 1880 1893 1694
f 1890 1893 1880
f 1697 1891 1900
f 1891 1645 1896
f 1900 1896 1698
f 1891 1896 1900
f 1694 1898 1881
f 1898 1698 1895
f 1881 1895 1644
f 1898 1895 1881
f 1697 1900 1893
f 1900 1698 1898
f 1893 1898 1694
f 1900 1898 1893
f 1623 1875 2085
f 1875 1692 2087
f 2085 2087 1743
f 1875 2087 2085
f 1692 1876 2092
f 1876 1644 2090
f 2092 2090 1745
f 1876 2090 2092
f 1743 2093 2086
f 2093 1745 2091
f 2086 2091 1656
f 2093 2091 2086
f 1692 2092 2087
f 2092 1745 2093
f 2087 2093 1743
f 2092 2093 2087
f 1644 1879 2133
f 1879 1693 2135
f 2133 2135 1756
f 1879 2135 2133
f 1693 1878 2127
f 1878 1630 2125
f 2127 2125 1754
f 1878 2125 2127
f 1756 2137 2134
f 2137 1754 2126
f 2134 2126 1659
f 2137 2126 2134
f 1693 2127 2135
f 2127 1754 2137
f 2135 2137 1756
f 2127 2137 2135
f 1656 2143 2089
f 2143 1758 2145
f 2089 2145 1744
f 2143 2145 2089
f 1758 2144 2147
f 2144 1659 2130
f 2147 2130 1755
f 2144 2130 2147
f 1744 2131 2088
f 2131 1755 2129
f 2088 2129 1633
f 2131 2129 2088
f 1758 2147 2145
f 2147 1755 2131
f 2145 2131 1744
f 2147 2131 2145
f 1644 2133 2090
f 2133 1756 2136
f 2090 2136 1745
f 2133 2136 2090
f 1756 2134 2148
f 2134 1659 2144
f 2148 2144 1758
f 2134 2144 2148
f 1745 2146 2091
f 2146 1758 2143
f 2091 2143 1656
f 2146 2143 2091
f 1756 2148 2136
f 2148 1758 2146
f 2136 2146 1745
f 2148 2146 2136
f 1623 2085 2155
f 2085 1743 2158
f 2155 2158 1760
f 2085 2158 2155
f 1743 2086 2167
f 2086 1656 2165
f 2167 2165 1763
f 2086 2165 2167
f 1760 2168 2156
f 2168 1763 2166
f 2156 2166 1660
f 2168 2166 2156
f 1743 2167 2158
f 2167 1763 2168
f 2158 2168 1760
f 2167 2168 2158
f 1656 2089 2243
f 2089 1744 2245
f 2243 2245 1781
f 2089 2245 2243
f 1744 2088 2237
f 2088 1633 2235
f 2237 2235 1779
f 2088 2235 2237
f 1781 2247 2244
f 2247 1779 2236
f 2244 2236 1664
f 2247 2236 2244
f 1744 2237 2245
f 2237 1779 2247
f 2245 2247 1781
f 2237 2247 2245
f 1660 2253 2160
f 2253 1783 2255
f 2160 2255 1761
f 2253 2255 2160
f 1783 2254 2257
f 2254 1664 2240
f 2257 2240 1780
f 2254 2240 2257
f 1761 2241 2159
f 2241 1780 2239
f 2159 2239 1634
f 2241 2239 2159
f 1783 2257 2255
f 2257 1780 2241
f 2255 2241 1761
f 2257 2241 2255
f 1656 2243 2165
f 2243 1781 2246
f 2165 2246 1763
f 2243 2246 2165
f 1781 2244 2258
f 2244 1664 2254
f 2258 2254 1783
f 2244 2254 2258
f 1763 2256 2166
f 2256 1783 2253
f 2166 2253 1660
f 2256 2253 2166
f 1781 2258 2246
f 2258 1783 2256
f 2246 2256 1763
f 2258 2256 2246
f 1624 1828 1975
f 1828 1679 1977
f 1975 1977 1718
f 1828 1977 1975
f 1679 1829 1983
f 1829 1640 1981
f 1983 1981 1720
f 1829 1981 1983
f 1718 1984 1976
f 1984 1720 1982
f 1976 1982 1651
f 1984 1982 1976
f 1679 1983 1977
f 1983 1720 1984
f 1977 1984 1718
f 1983 1984 1977
f 1640 1832 2033
f 1832 1680 2035
f 2033 2035 1733
f 1832 2035 2033
f 1680 1831 2027
f 1831 1628 2025
f 2027 2025 1731
f 1831 2025 2027
f 1733 2037 2034
f 2037 1731 2026
f 2034 2026 1654
f 2037 2026 2034
f 1680 2027 2035
f 2027 1731 2037
f 2035 2037 1733
f 2027 2037 2035
f 1651 2043 1980
f 2043 1735 2045
f 1980 2045 1719
f 2043 2045 1980
f 1735 2044 2047
f 2044 1654 2030
f 2047 2030 1732
f 2044 2030 2047
f 1719 2031 1979
f 2031 1732 2029
f 1979 2029 1632
f 2031 2029 1979
f 1735 2047 2045
f 2047 1732 2031
f 2045 2031 1719
f 2047 2031 2045
f 1640 2033 1981
f 2033 1733 2036
f 1981 2036 1720
f 2033 2036 1981
f 1733 2034 2048
f 2034 1654 2044
f 2048 2044 1735
f 2034 2044 2048
f 1720 2046 1982
f 2046 1735 2043
f 1982 2043 1651
f 2046 2043 1982
f 1733 2048 2036
f 2048 1735 2046
f 2036 2046 1720
f 2048 2046 2036
f 1628 2205 1847
f 2205 1773 2208
f 1847 2208 1684
f 2205 2208 1847
f 1773 2206 2222
f 2206 1663 2219
f 2222 2219 1776
f 2206 2219 2222
f 1684 2220 1848
f 2220 1776 2218
f 1848 2218 1641
f 2220 2218 1848
f 1773 2222 2208
f 2222 1776 2220
f 2208 2220 1684
f 2222 2220 2208
f 1663 2210 2230
f 2210 1774 2233
f 2230 2233 1778
f 2210 2233 2230
f 1774 2209 2212
f 2209 1634 2187
f 2212 2187 1769
f 2209 2187 2212
f 1778 2231 2229
f 2231 1769 2188
f 2229 2188 1662
f 2231 2188 2229
f 1774 2212 2233
f 2212 1769 2231
f 2233 2231 1778
f 2212 2231 2233
f 1641 2195 1846
f 2195 1771 2197
f 1846 2197 1683
f 2195 2197 1846
f 1771 2196 2198
f 2196 1662 2184
f 2198 2184 1768
f 2196 2184 2198
f 1683 2186 1845
f 2186 1768 2183
f 1845 2183 1627
f 2186 2183 1845
f 1771 2198 2197
f 2198 1768 2186
f 2197 2186 1683
f 2198 2186 2197
f 1663 2230 2219
f 2230 1778 2234
f 2219 2234 1776
f 2230 2234 2219
f 1778 2229 2232
f 2229 1662 2196
f 2232 2196 1771
f 2229 2196 2232
f 1776 2221 2218
f 2221 1771 2195
f 2218 2195 1641
f 2221 2195 2218
f 1778 2232 2234
f 2232 1771 2221
f 2234 2221 1776
f 2232 2221 2234
f 1634 2239 2173
f 2239 1780 2242
f 2173 2242 1765
f 2239 2242 2173
f 1780 2240 2263
f 2240 1664 2260
f 2263 2260 1784
f 2240 2260 2263
f 1765 2261 2174
f 2261 1784 2259
f 2174 2259 1661
f 2261 2259 2174
f 1780 2263 2242
f 2263 1784 2261
f 2242 2261 1765
f 2263 2261 2242
f 1664 2236 2249
f 2236 1779 2252
f 2249 2252 1782
f 2236 2252 2249
f 1779 2235 2238
f 2235 1633 2097
f 2238 2097 1747
f 2235 2097 2238
f 1782 2250 2248
f 2250 1747 2098
f 2248 2098 1657
f 2250 2098 2248
f 1779 2238 2252
f 2238 1747 2250
f 2252 2250 1782
f 2238 2250 2252
f 1661 2180 2170
f 2180 1767 2182
f 2170 2182 1764
f 2180 2182 2170
f 1767 2179 2181
f 2179 1657 2095
f 2181 2095 1746
f 2179 2095 2181
f 1764 2172 2169
f 2172 1746 2094
f 2169 2094 1625
f 2172 2094 2169
f 1767 2181 2182
f 2181 1746 2172
f 2182 2172 1764
f 2181 2172 2182
f 1664 2249 2260
f 2249 1782 2264
f 2260 2264 1784
f 2249 2264 2260
f 1782 2248 2251
f 2248 1657 2179
f 2251 2179 1767
f 2248 2179 2251
f 1784 2262 2259
f 2262 1767 2180
f 2259 2180 1661
f 2262 2180 2259
f 1782 2251 2264
f 2251 1767 2262
f 2264 2262 1784
f 2251 2262 2264
f 1633 2129 2107
f 2129 1755 2132
f 2107 2132 1750
f 2129 2132 2107
f 1755 2130 2153
f 2130 1659 2150
f 2153 2150 1759
f 2130 2150 2153
f 1750 2151 2108
f 2151 1759 2149
f 2108 2149 1658
f 2151 2149 2108
f 1755 2153 2132
f 2153 1759 2151
f 2132 2151 1750
f 2153 2151 2132
f 1659 2126 2139
f 2126 1754 2142
f 2139 2142 1757
f 2126 2142 2139
f 1754 2125 2128
f 2125 1630 1903
f 2128 1903 1700
f 2125 1903 2128
f 1757 2140 2138
f 2140 1700 1904
f 2138 1904 1646
f 2140 1904 2138
f 1754 2128 2142
f 2128 1700 2140
f 2142 2140 1757
f 2128 2140 2142
f 1658 2116 2104
f 2116 1752 2118
f 2104 2118 1749
f 2116 2118 2104
f 1752 2115 2117
f 2115 1646 1902
f 2117 1902 1699
f 2115 1902 2117
f 1749 2106 2103
f 2106 1699 1901
f 2103 1901 1629
f 2106 1901 2103
f 1752 2117 2118
f 2117 1699 2106
f 2118 2106 1749
f 2117 2106 2118
f 1659 2139 2150
f 2139 1757 2154
f 2150 2154 1759
f 2139 2154 2150
f 1757 2138 2141
f 2138 1646 2115
f 2141 2115 1752
f 2138 2115 2141
f 1759 2152 2149
f 2152 1752 2116
f 2149 2116 1658
f 2152 2116 2149
f 1757 2141 2154
f 2141 1752 2152
f 2154 2152 1759
f 2141 2152 2154
f 1630 1887 1945
f 1887 1696 1947
f 1945 1947 1712
f 1887 1947 1945
f 1696 1888 1955
f 1888 1645 1953
f 1955 1953 1714
f 1888 1953 1955
f 1712 1957 1946
f 1957 1714 1954
f 1946 1954 1650
f 1957 1954 1946
f 1696 1955 1947
f 1955 1714 1957
f 1947 1957 1712
f 1955 1957 1947
f 1645 1885 1910
f 1885 1695 1912
f 1910 1912 1703
f 1885 1912 1910
f 1695 1884 1907
f 1884 1624 1905
f 1907 1905 1701
f 1884 1905 1907
f 1703 1913 1911
f 1913 1701 1906
f 1911 1906 1647
f 1913 1906 1911
f 1695 1907 1912
f 1907 1701 1913
f 1912 1913 1703
f 1907 1913 1912
f 1650 1964 1950
f 1964 1716 1967
f 1950 1967 1713
f 1964 1967 1950
f 1716 1963 1965
f 1963 1647 1909
f 1965 1909 1702
f 1963 1909 1965
f 1713 1951 1949
f 1951 1702 1908
f 1949 1908 1631
f 1951 1908 1949
f 1716 1965 1967
f 1965 1702 1951
f 1967 1951 1713
f 1965 1951 1967
f 1645 1910 1953
f 1910 1703 1956
f 1953 1956 1714
f 1910 1956 1953
f 1703 1911 1966
f 1911 1647 1963
f 1966 1963 1716
f 1911 1963 1966
f 1714 1968 1954
f 1968 1716 1964
f 1954 1964 1650
f 1968 1964 1954
f 1703 1966 1956
f 1966 1716 1968
f 1956 1968 1714
f 1966 1968 1956
f 1626 1989 1802
f 1989 1722 1991
f 1802 1991 1672
f 1989 1991 1802
f 1722 1990 1998
f 1990 1652 1996
f 1998 1996 1724
f 1990 1996 1998
f 1672 1997 1803
f 1997 1724 1995
f 1803 1995 1638
f 1997 1995 1803
f 1722 1998 1991
f 1998 1724 1997
f 1991 1997 1672
f 1998 1997 1991
f 1652 1994 2019
f 1994 1723 2021
f 2019 2021 1730
f 1994 2021 2019
f 1723 1993 2009
f 1993 1632 2007
f 2009 2007 1727
f 1993 2007 2009
f 1730 2023 2020
f 2023 1727 2008
f 2020 2008 1653
f 2023 2008 2020
f 1723 2009 2021
f 2009 1727 2023
f 2021 2023 1730
f 2009 2023 2021
f 1638 2010 1806
f 2010 1728 2012
f 1806 2012 1673
f 2010 2012 1806
f 1728 2011 2014
f 2011 1653 2004
f 2014 2004 1726
f 2011 2004 2014
f 1673 2005 1805
f 2005 1726 2003
f 1805 2003 1627
f 2005 2003 1805
f 1728 2014 2012
f 2014 1726 2005
f 2012 2005 1673
f 2014 2005 2012
f 1652 2019 1996
f 2019 1730 2022
f 1996 2022 1724
f 2019 2022 1996
f 1730 2020 2024
f 2020 1653 2011
f 2024 2011 1728
f 2020 2011 2024
f 1724 2013 1995
f 2013 1728 2010
f 1995 2010 1638
f 2013 2010 1995
f 1730 2024 2022
f 2024 1728 2013
f 2022 2013 1724
f 2024 2013 2022
f 1626 1802 1791
f 1802 1672 1804
f 1791 1804 1668
f 1802 1804 1791
f 1672 1803 1812
f 1803 1638 1809
f 1812 1809 1674
f 1803 1809 1812
f 1668 1810 1792
f 1810 1674 1808
f 1792 1808 1636
f 1810 1808 1792
f 1672 1812 1804
f 1812 1674 1810
f 1804 1810 1668
f 1812 1810 1804
f 1638 1806 1814
f 1806 1673 1817
f 1814 1817 1675
f 1806 1817 1814
f 1673 1805 1807
f 1805 1627 1796
f 1807 1796 1670
f 1805 1796 1807
f 1675 1815 1813
f 1815 1670 1797
f 1813 1797 1637
f 1815 1797 1813
f 1673 1807 1817
f 1807 1670 1815
f 1817 1815 1675
f 1807 1815 1817
f 1636 1798 1790
f 1798 1671 1800
f 1790 1800 1667
f 1798 1800 1790
f 1671 1799 1801
f 1799 1637 1794
f 1801 1794 1669
f 1799 1794 1801
f 1667 1795 1789
f 1795 1669 1793
f 1789 1793 1625
f 1795 1793 1789
f 1671 1801 1800
f 1801 1669 1795
f 1800 1795 1667
f 1801 1795 1800
f 1638 1814 1809
f 1814 1675 1818
f 1809 1818 1674
f 1814 1818 1809
f 1675 1813 1816
f 1813 1637 1799
f 1816 1799 1671
f 1813 1799 1816
f 1674 1811 1808
f 1811 1671 1798
f 1808 1798 1636
f 1811 1798 1808
f 1675 1816 1818
f 1816 1671 1811
f 1818 1811 1674
f 1816 1811 1818
f 1626 1791 1858
f 1791 1668 1860
f 1858 1860 1688
f 1791 1860 1858
f 1668 1792 1866
f 1792 1636 1864
f 1866 1864 1690
f 1792 1864 1866
f 1688 1868 1859
f 1868 1690 1865
f 1859 1865 1643
f 1868 1865 1859
f 1668 1866 1860
f 1866 1690 1868
f 1860 1868 1688
f 1866 1868 1860
f 1636 1790 1854
f 1790 1667 1856
f 1854 1856 1687
f 1790 1856 1854
f 1667 1789 1851
f 1789 1625 1849
f 1851 1849 1685
f 1789 1849 1851
f 1687 1857 1855
f 1857 1685 1850
f 1855 1850 1642
f 1857 1850 1855
f 1667 1851 1856
f 1851 1685 1857
f 1856 1857 1687
f 1851 1857 1856
f 1643 1870 1862
f 1870 1691 1873
f 1862 1873 1689
f 1870 1873 1862
f 1691 1869 1871
f 1869 1642 1853
f 1871 1853 1686
f 1869 1853 1871
f 1689 1863 1861
f 1863 1686 1852
f 1861 1852 1629
f 1863 1852 1861
f 1691 1871 1873
f 1871 1686 1863
f 1873 1863 1689
f 1871 1863 1873
f 1636 1854 1864
f 1854 1687 1867
f 1864 1867 1690
f 1854 1867 1864
f 1687 1855 1872
f 1855 1642 1869
f 1872 1869 1691
f 1855 1869 1872
f 1690 1874 1865
f 1874 1691 1870
f 1865 1870 1643
f 1874 1870 1865
f 1687 1872 1867
f 1872 1691 1874
f 1867 1874 1690
f 1872 1874 1867
f 1626 1858 1914
f 1858 1688 1916
f 1914 1916 1704
f 1858 1916 1914
f 1688 1859 1921
f 1859 1643 1919
f 1921 1919 1706
f 1859 1919 1921
f 1704 1922 1915
f 1922 1706 1920
f 1915 1920 1648
f 1922 1920 1915
f 1688 1921 1916
f 1921 1706 1922
f 1916 1922 1704
f 1921 1922 1916
f 1643 1862 1930
f 1862 1689 1932
f 1930 1932 1709
f 1862 1932 1930
f 1689 1861 1925
f 1861 1629 1923
f 1925 1923 1707
f 1861 1923 1925
f 1709 1934 1931
f 1934 1707 1924
f 1931 1924 1649
f 1934 1924 1931
f 1689 1925 1932
f 1925 1707 1934
f 1932 1934 1709
f 1925 1934 1932
f 1648 1939 1918
f 1939 1711 1941
f 1918 1941 1705
f 1939 1941 1918
f 1711 1940 1943
f 1940 1649 1928
f 1943 1928 1708
f 1940 1928 1943
f 1705 1929 1917
f 1929 1708 1927
f 1917 1927 1631
f 1929 1927 1917
f 1711 1943 1941
f 1943 1708 1929
f 1941 1929 1705
f 1943 1929 1941
f 1643 1930 1919
f 1930 1709 1933
f 1919 1933 1706
f 1930 1933 1919
f 1709 1931 1944
f 1931 1649 1940
f 1944 1940 1711
f 1931 1940 1944
f 1706 1942 1920
f 1942 1711 1939
f 1920 1939 1648
f 1942 1939 1920
f 1709 1944 1933
f 1944 1711 1942
f 1933 1942 1706
f 1944 1942 1933
f 1626 1914 1989
f 1914 1704 1992
f 1989 1992 1722
f 1914 1992 1989
f 1704 1915 2001
f 1915 1648 1999
f 2001 1999 1725
f 1915 1999 2001
f 1722 2002 1990
f 2002 1725 2000
f 1990 2000 1652
f 2002 2000 1990
f 1704 2001 1992
f 2001 1725 2002
f 1992 2002 1722
f 2001 2002 1992
f 1648 1918 2068
f 1918 1705 2070
f 2068 2070 1740
f 1918 2070 2068
f 1705 1917 2058
f 1917 1631 2055
f 2058 2055 1737
f 1917 2055 2058
f 1740 2072 2069
f 2072 1737 2056
f 2069 2056 1655
f 2072 2056 2069
f 1705 2058 2070
f 2058 1737 2072
f 2070 2072 1740
f 2058 2072 2070
f 1652 2079 1994
f 2079 1742 2081
f 1994 2081 1723
f 2079 2081 1994
f 1742 2080 2083
f 2080 1655 2060
f 2083 2060 1738
f 2080 2060 2083
f 1723 2062 1993
f 2062 1738 2059
f 1993 2059 1632
f 2062 2059 1993
f 1742 2083 2081
f 2083 1738 2062
f 2081 2062 1723
f 2083 2062 2081
f 1648 2068 1999
f 2068 1740 2071
f 1999 2071 1725
f 2068 2071 1999
f 1740 2069 2084
f 2069 1655 2080
f 2084 2080 1742
f 2069 2080 2084
f 1725 2082 2000
f 2082 1742 2079
f 2000 2079 1652
f 2082 2079 2000
f 1740 2084 2071
f 2084 1742 2082
f 2071 2082 1725
f 2084 2082 2071
f 1627 2003 1845
f 2003 1726 2006
f 1845 2006 1683
f 2003 2006 1845
f 1726 2004 2018
f 2004 1653 2016
f 2018 2016 1729
f 2004 2016 2018
f 1683 2017 1846
f 2017 1729 2015
f 1846 2015 1641
f 2017 2015 1846
f 1726 2018 2006
f 2018 1729 2017
f 2006 2017 1683
f 2018 2017 2006
f 1653 2008 2049
f 2008 1727 2051
f 2049 2051 1736
f 2008 2051 2049
f 1727 2007 2032
f 2007 1632 2029
f 2032 2029 1732
f 2007 2029 2032
f 1736 2053 2050
f 2053 1732 2030
f 2050 2030 1654
f 2053 2030 2050
f 1727 2032 2051
f 2032 1732 2053
f 2051 2053 1736
f 2032 2053 2051
f 1641 2038 1848
f 2038 1734 2040
f 1848 2040 1684
f 2038 2040 1848
f 1734 2039 2042
f 2039 1654 2026
f 2042 2026 1731
f 2039 2026 2042
f 1684 2028 1847
f 2028 1731 2025
f 1847 2025 1628
f 2028 2025 1847
f 1734 2042 2040
f 2042 1731 2028
f 2040 2028 1684
f 2042 2028 2040
f 1653 2049 2016
f 2049 1736 2052
f 2016 2052 1729
f 2049 2052 2016
f 1736 2050 2054
f 2050 1654 2039
f 2054 2039 1734
f 2050 2039 2054
f 1729 2041 2015
f 2041 1734 2038
f 2015 2038 1641
f 2041 2038 2015
f 1736 2054 2052
f 2054 1734 2041
f 2052 2041 1729
f 2054 2041 2052
f 1625 1793 2169
f 1793 1669 2171
f 2169 2171 1764
f 1793 2171 2169
f 1669 1794 2177
f 1794 1637 2175
f 2177 2175 1766
f 1794 2175 2177
f 1764 2178 2170
f 2178 1766 2176
f 2170 2176 1661
f 2178 2176 2170
f 1669 2177 2171
f 2177 1766 2178
f 2171 2178 1764
f 2177 2178 2171
f 1637 1797 2190
f 1797 1670 2192
f 2190 2192 1770
f 1797 2192 2190
f 1670 1796 2185
f 1796 1627 2183
f 2185 2183 1768
f 1796 2183 2185
f 1770 2194 2191
f 2194 1768 2184
f 2191 2184 1662
f 2194 2184 2191
f 1670 2185 2192
f 2185 1768 2194
f 2192 2194 1770
f 2185 2194 2192
f 1661 2199 2174
f 2199 1772 2201
f 2174 2201 1765
f 2199 2201 2174
f 1772 2200 2203
f 2200 1662 2188
f 2203 2188 1769
f 2200 2188 2203
f 1765 2189 2173
f 2189 1769 2187
f 2173 2187 1634
f 2189 2187 2173
f 1772 2203 2201
f 2203 1769 2189
f 2201 2189 1765
f 2203 2189 2201
f 1637 2190 2175
f 2190 1770 2193
f 2175 2193 1766
f 2190 2193 2175
f 1770 2191 2204
f 2191 1662 2200
f 2204 2200 1772
f 2191 2200 2204
f 1766 2202 2176
f 2202 1772 2199
f 2176 2199 1661
f 2202 2199 2176
f 1770 2204 2193
f 2204 1772 2202
f 2193 2202 1766
f 2204 2202 2193
f 1629 1852 2103
f 1852 1686 2105
f 2103 2105 1749
f 1852 2105 2103
f 1686 1853 2112
f 1853 1642 2110
f 2112 2110 1751
f 1853 2110 2112
f 1749 2114 2104
f 2114 1751 2111
f 2104 2111 1658
f 2114 2111 2104
f 1686 2112 2105
f 2112 1751 2114
f 2105 2114 1749
f 2112 2114 2105
f 1642 1850 2099
f 1850 1685 2101
f 2099 2101 1748
f 1850 2101 2099
f 1685 1849 2096
f 1849 1625 2094
f 2096 2094 1746
f 1849 2094 2096
f 1748 2102 2100
f 2102 1746 2095
f 2100 2095 1657
f 2102 2095 2100
f 1685 2096 2101
f 2096 1746 2102
f 2101 2102 1748
f 2096 2102 2101
f 1658 2120 2108
f 2120 1753 2123
f 2108 2123 1750
f 2120 2123 2108
f 1753 2119 2121
f 2119 1657 2098
f 2121 2098 1747
f 2119 2098 2121
f 1750 2109 2107
f 2109 1747 2097
f 2107 2097 1633
f 2109 2097 2107
f 1753 2121 2123
f 2121 1747 2109
f 2123 2109 1750
f 2121 2109 2123
f 1642 2099 2110
f 2099 1748 2113
f 2110 2113 1751
f 2099 2113 2110
f 1748 2100 2122
f 2100 1657 2119
f 2122 2119 1753
f 2100 2119 2122
f 1751 2124 2111
f 2124 1753 2120
f 2111 2120 1658
f 2124 2120 2111
f 1748 2122 2113
f 2122 1753 2124
f 2113 2124 1751
f 2122 2124 2113
f 1631 1927 1949
f 1927 1708 1952
f 1949 1952 1713
f 1927 1952 1949
f 1708 1928 1971
f 1928 1649 1969
f 1971 1969 1717
f 1928 1969 1971
f 1713 1973 1950
f 1973 1717 1970
f 1950 1970 1650
f 1973 1970 1950
f 1708 1971 1952
f 1971 1717 1973
f 1952 1973 1713
f 1971 1973 1952
f 1649 1924 1936
f 1924 1707 1938
f 1936 1938 1710
f 1924 1938 1936
f 1707 1923 1926
f 1923 1629 1901
f 1926 1901 1699
f 1923 1901 1926
f 1710 1937 1935
f 1937 1699 1902
f 1935 1902 1646
f 1937 1902 1935
f 1707 1926 1938
f 1926 1699 1937
f 1938 1937 1710
f 1926 1937 1938
f 1650 1959 1946
f 1959 1715 1962
f 1946 1962 1712
f 1959 1962 1946
f 1715 1958 1960
f 1958 1646 1904
f 1960 1904 1700
f 1958 1904 1960
f 1712 1948 1945
f 1948 1700 1903
f 1945 1903 1630
f 1948 1903 1945
f 1715 1960 1962
f 1960 1700 1948
f 1962 1948 1712
f 1960 1948 1962
f 1649 1936 1969
f 1936 1710 1972
f 1969 1972 1717
f 1936 1972 1969
f 1710 1935 1961
f 1935 1646 1958
f 1961 1958 1715
f 1935 1958 1961
f 1717 1974 1970
f 1974 1715 1959
f 1970 1959 1650
f 1974 1959 1970
f 1710 1961 1972
f 1961 1715 1974
f 1972 1974 1717
f 1961 1974 1972
f 1632 2059 1979
f 2059 1738 2061
f 1979 2061 1719
f 2059 2061 1979
f 1738 2060 2077
f 2060 1655 2074
f 2077 2074 1741
f 2060 2074 2077
f 1719 2075 1980
f 2075 1741 2073
f 1980 2073 1651
f 2075 2073 1980
f 1738 2077 2061
f 2077 1741 2075
f 2061 2075 1719
f 2077 2075 2061
f 1655 2056 2064
f 2056 1737 2067
f 2064 2067 1739
f 2056 2067 2064
f 1737 2055 2057
f 2055 1631 1908
f 2057 1908 1702
f 2055 1908 2057
f 1739 2065 2063
f 2065 1702 1909
f 2063 1909 1647
f 2065 1909 2063
f 1737 2057 2067
f 2057 1702 2065
f 2067 2065 1739
f 2057 2065 2067
f 1651 1986 1976
f 1986 1721 1988
f 1976 1988 1718
f 1986 1988 1976
f 1721 1985 1987
f 1985 1647 1906
f 1987 1906 1701
f 1985 1906 1987
f 1718 1978 1975
f 1978 1701 1905
f 1975 1905 1624
f 1978 1905 1975
f 1721 1987 1988
f 1987 1701 1978
f 1988 1978 1718
f 1987 1978 1988
f 1655 2064 2074
f 2064 1739 2078
f 2074 2078 1741
f 2064 2078 2074
f 1739 2063 2066
f 2063 1647 1985
f 2066 1985 1721
f 2063 1985 2066
f 1741 2076 2073
f 2076 1721 1986
f 2073 1986 1651
f 2076 1986 2073
f 1739 2066 2078
f 2066 1721 2076
f 2078 2076 1741
f 2066 2076 2078
f 2266 2265 2289
f 2266 2289 2267
f 2267 2289 2290
f 2267 2290 2268
f 2268 2290 2291
f 2268 2291 2269
f 2269 2291 2292
f 2269 2292 2270
f 2270 2292 2293
f 2270 2293 2271
f 2271 2293 2294
f 2271 2294 2272
f 2272 2294 2295
f 2272 2295 2273
f 2273 2295 2296
f 2273 2296 2274
f 2274 2296 2297
f 2274 2297 2275
f 2275 2297 2298
f 2275 2298 2276
f 2276 2298 2299
f 2276 2299 2277
f 2277 2299 2300
f 2277 2300 2278
f 2278 2300 2301
f 2278 2301 2279
f 2279 2301 2302
f 2279 2302 2280
f 2280 2302 2303
f 2280 2303 2281
f 2281 2303 2304
f 2281 2304 2282
f 2282 2304 2305
f 2282 2305 2283
f 2283 2305 2306
f 2283 2306 2284
f 2284 2306 2307
f 2284 2307 2285
f 2285 2307 2308
f 2285 2308 2286
f 2286 2308 2309
f 2286 2309 2287
f 2287 2309 2310
f 2287 2310 2288
f 2289 2265 2311
f 2289 2311 2290
f 2290 2311 2312
f 2290 2312 2291
f 2291 2312 2313
f 2291 2313 2292
f 2292 2313 2314
f 2292 2314 2293
f 2293 2314 2315
f 2293 2315 2294
f 2294 2315 2316
f 2294 2316 2295
f 2295 2316 2317
f 2295 2317 2296
f 2296 2317 2318
f 2296 2318 2297
f 2297 2318 2319
f 2297 2319 2298
f 2298 2319 2320
f 2298 2320 2299
f 2299 2320 2321
f 2299 2321 2300
f 2300 2321 2322
f 2300 2322 2301
f 2301 2322 2323
f 2301 2323 2302
f 2302 2323 2324
f 2302 2324 2303
f 2303 2324 2325
f 2303 2325 2304
f 2304 2325 2326
f 2304 2326 2305
f 2305 2326 2327
f 2305 2327 2306
f 2306 2327 2328
f 2306 2328 2307
f 2307 2328 2329
f 2307 2329 2308
f 2308 2329 2330
f 2308 2330 2309
f 2309 2330 2331
f 2309 2331 2310
f 2310 2331 2332
f 2310 2332 2288
f 2311 2265 2333
f 2311 2333 2312
f 2312 2333 2334
f 2312 2334 2313
f 2313 2334 2335
f 2313 2335 2314
f 2314 2335 2336
f 2314 2336 2315
f 2315 2336 2337
f 2315 2337 2316
f 2316 2337 2338
f 2316 2338 2317
f 2317 2338 2339
f 2317 2339 2318
f 2318 2339 2340
f 2318 2340 2319
f 2319 2340 2341
f 2319 2341 2320
f 2320 2341 2342
f 2320 2342 2321
f 2321 2342 2343
f 2321 2343 2322
f 2322 2343 2344
f 2322 2344 2323
f 2323 2344 2345
f 2323 2345 2324
f 2324 2345 2346
f 2324 2346 2325
f 2325 2346 2347
f 2325 2347 2326
f 2326 2347 2348
f 2326 2348 2327
f 2327 2348 2349
f 2327 2349 2328
f 2328 2349 2350
f 2328 2350 2329
f 2329 2350 2351
f 2329 2351 2330
f 2330 2351 2352
f 2330 2352 2331
f 2331 2352 2353
f 2331 2353 2332
f 2332 2353 2354
f 2332 2354 2288
f 2333 2265 2355
f 2333 2355 2334
f 2334 2355 2356
f 2334 2356 2335
f 2335 2356 2357
f 2335 2357 2336
f 2336 2357 2358
f 2336 2358 2337
f 2337 2358 2359
f 2337 2359 2338
f 2338 2359 2360
f 2338 2360 2339
f 2339 2360 2361
f 2339 2361 2340
f 2340 2361 2362
f 2340 2362 2341
f 2341 2362 2363
f 2341 2363 2342
f 2342 2363 2364
f 2342 2364 2343
f 2343 2364 2365
f 2343 2365 2344
f 2344 2365 2366
f 2344 2366 2345
f 2345 2366 2367
f 2345 2367 2346
f 2346 2367 2368
f 2346 2368 2347
f 2347 2368 2369
f 2347 2369 2348
f 2348 2369 2370
f 2348 2370 2349
f 2349 2370 2371
f 2349 2371 2350
f 2350 2371 2372
f 2350 2372 2351
f 2351 2372 2373
f 2351 2373 2352
f 2352 2373 2374
f 2352 2374 2353
f 2353 2374 2375
f 2353 2375 2354
f 2354 2375 2376
f 2354 2376 2288
f 2355 2265 2377
f 2355 2377 2356
f 2356 2377 2378
f 2356 2378 2357
f 2357 2378 2379
f 2357 2379 2358
f 2358 2379 2380
f 2358 2380 2359
f 2359 2380 2381
f 2359 2381 2360
f 2360 2381 2382
f 2360 2382 2361
f 2361 2382 2383
f 2361 2383 2362
f 2362 2383 2384
f 2362 2384 2363
f 2363 2384 2385
f 2363 2385 2364
f 2364 2385 2386
f 2364 2386 2365
f 2365 2386 2387
f 2365 2387 2366
f 2366 2387 2388
f 2366 2388 2367
f 2367 2388 2389
f 2367 2389 2368
f 2368 2389 2390
f 2368 2390 2369
f 2369 2390 2391
f 2369 2391 2370
f 2370 2391 2392
f 2370 2392 2371
f 2371 2392 2393
f 2371 2393 2372
f 2372 2393 2394
f 2372 2394 2373
f 2373 2394 2395
f 2373 2395 2374
f 2374 2395 2396
f 2374 2396 2375
f 2375 2396 2397
f 2375 2397 2376
f 2376 2397 2398
f 2376 2398 2288
f 2377 2265 2399
f 2377 2399 2378
f 2378 2399 2400
f 2378 2400 2379
f 2379 2400 2401
f 2379 2401 2380
f 2380 2401 2402
f 2380 2402 2381
f 2381 2402 2403
f 2381 2403 2382
f 2382 2403 2404
f 2382 2404 2383
f 2383 2404 2405
f 2383 2405 2384
f 2384 2405 2406
f 2384 2406 2385
f 2385 2406 2407
f 2385 2407 2386
f 2386 2407 2408
f 2386 2408 2387
f 2387 2408 2409
f 2387 2409 2388
f 2388 2409 2410
f 2388 2410 2389
f 2389 2410 2411
f 2389 2411 2390
f 2390 2411 2412
f 2390 2412 2391
f 2391 2412 2413
f 2391 2413 2392
f 2392 2413 2414
f 2392 2414 2393
f 2393 2414 2415
f 2393 2415 2394
f 2394 2415 2416
f 2394 2416 2395
f 2395 2416 2417
f 2395 2417 2396
f 2396 2417 2418
f 2396 2418 2397
f 2397 2418 2419
f 2397 2419 2398
f 2398 2419 2420
f 2398 2420 2288
f 2399 2265 2421
f 2399 2421 2400
f 2400 2421 2422
f 2400 2422 2401
f 2401 2422 2423
f 2401 2423 2402
f 2402 2423 2424
f 2402 2424 2403
f 2403 2424 2425
f 2403 2425 2404
f 2404 2425 2426
f 2404 2426 2405
f 2405 2426 2427
f 2405 2427 2406
f 2406 2427 2428
f 2406 2428 2407
f 2407 2428 2429
f 2407 2429 2408
f 2408 2429 2430
f 2408 2430 2409
f 2409 2430 2431
f 2409 2431 2410
f 2410 2431 2432
f 2410 2432 2411
f 2411 2432 2433
f 2411 2433 2412
f 2412 2433 2434
f 2412 2434 2413
f 2413 2434 2435
f 2413 2435 2414
f 2414 2435 2436
f 2414 2436 2415
f 2415 2436 2437
f 2415 2437 2416
f 2416 2437 2438
f 2416 2438 2417
f 2417 2438 2439
f 2417 2439 2418
f 2418 2439 2440
f 2418 2440 2419
f 2419 2440 2441
f 2419 2441 2420
f 2420 2441 2442
f 2420 2442 2288
f 2421 2265 2443
f 2421 2443 2422
f 2422 2443 2444
f 2422 2444 2423
f 2423 2444 2445
f 2423 2445 2424
f 2424 2445 2446
f 2424 2446 2425
f 2425 2446 2447
f 2425 2447 2426
f 2426 2447 2448
f 2426 2448 2427
f 2427 2448 2449
f 2427 2449 2428
f 2428 2449 2450
f 2428 2450 2429
f 2429 2450 2451
f 2429 2451 2430
f 2430 2451 2452
f 2430 2452 2431
f 2431 2452 2453
f 2431 2453 2432
f 2432 2453 2454
f 2432 2454 2433
f 2433 2454 2455
f 2433 2455 2434
f 2434 2455 2456
f 2434 2456 2435
f 2435 2456 2457
f 2435 2457 2436
f 2436 2457 2458
f 2436 2458 2437
f 2437 2458 2459
f 2437 2459 2438
f 2438 2459 2460
f 2438 2460 2439
f 2439 2460 2461
f 2439 2461 2440
f 2440 2461 2462
f 2440 2462 2441
f 2441 2462 2463
f 2441 2463 2442
f 2442 2463 2464
f 2442 2464 2288
f 2443 2265 2465
f 2443 2465 2444
f 2444 2465 2466
f 2444 2466 2445
f 2445 2466 2467
f 2445 2467 2446
f 2446 2467 2468
f 2446 2468 2447
f 2447 2468 2469
f 2447 2469 2448
f 2448 2469 2470
f 2448 2470 2449
f 2449 2470 2471
f 2449 2471 2450
f 2450 2471 2472
f 2450 2472 2451
f 2451 2472 2473
f 2451 2473 2452
f 2452 2473 2474
f 2452 2474 2453
f 2453 2474 2475
f 2453 2475 2454
f 2454 2475 2476
f 2454 2476 2455
f 2455 2476 2477
f 2455 2477 2456
f 2456 2477 2478
f 2456 2478 2457
f 2457 2478 2479
f 2457 2479 2458
f 2458 2479 2480
f 2458 2480 2459
f 2459 2480 2481
f 2459 2481 2460
f 2460 2481 2482
f 2460 2482 2461
f 2461 2482 2483
f 2461 2483 2462
f 2462 2483 2484
f 2462 2484 2463
f 2463 2484 2485
f 2463 2485 2464
f 2464 2485 2486
f 2464 2486 2288
f 2465 2265 2487
f 2465 2487 2466
f 2466 2487 2488
f 2466 2488 2467
f 2467 2488 2489
f 2467 2489 2468
f 2468 2489 2490
f 2468 2490 2469
f 2469 2490 2491
f 2469 2491 2470
f 2470 2491 2492
f 2470 2492 2471
f 2471 2492 2493
f 2471 2493 2472
f 2472 2493 2494
f 2472 2494 2473
f 2473 2494 2495
f 2473 2495 2474
f 2474 2495 2496
f 2474 2496 2475
f 2475 2496 2497
f 2475 2497 2476
f 2476 2497 2498
f 2476 2498 2477
f 2477 2498 2499
f 2477 2499 2478
f 2478 2499 2500
f 2478 2500 2479
f 2479 2500 2501
f 2479 2501 2480
f 2480 2501 2502
f 2480 2502 2481
f 2481 2502 2503
f 2481 2503 2482
f 2482 2503 2504
f 2482 2504 2483
f 2483 2504 2505
f 2483 2505 2484
f 2484 2505 2506
f 2484 2506 2485
f 2485 2506 2507
f 2485 2507 2486
f 2486 2507 2508
f 2486 2508 2288
f 2487 2265 2509
f 2487 2509 2488
f 2488 2509 2510
f 2488 2510 2489
f 2489 2510 2511
f 2489 2511 2490
f 2490 2511 2512
f 2490 2512 2491
f 2491 2512 2513
f 2491 2513 2492
f 2492 2513 2514
f 2492 2514 2493
f 2493 2514 2515
f 2493 2515 2494
f 2494 2515 2516
f 2494 2516 2495
f 2495 2516 2517
f 2495 2517 2496
f 2496 2517 2518
f 2496 2518 2497
f 2497 2518 2519
f 2497 2519 2498
f 2498 2519 2520
f 2498 2520 2499
f 2499 2520 2521
f 2499 2521 2500
f 2500 2521 2522
f 2500 2522 2501
f 2501 2522 2523
f 2501 2523 2502
f 2502 2523 2524
f 2502 2524 2503
f 2503 2524 2525
f 2503 2525 2504
f 2504 2525 2526
f 2504 2526 2505
f 2505 2526 2527
f 2505 2527 2506
f 2506 2527 2528
f 2506 2528 2507
f 2507 2528 2529
f 2507 2529 2508
f 2508 2529 2530
f 2508 2530 2288
f 2509 2265 2531
f 2509 2531 2510
f 2510 2531 2532
f 2510 2532 2511
f 2511 2532 2533
f 2511 2533 2512
f 2512 2533 2534
f 2512 2534 2513
f 2513 2534 2535
f 2513 2535 2514
f 2514 2535 2536
f 2514 2536 2515
f 2515 2536 2537
f 2515 2537 2516
f 2516 2537 2538
f 2516 2538 2517
f 2517 2538 2539
f 2517 2539 2518
f 2518 2539 2540
f 2518 2540 2519
f 2519 2540 2541
f 2519 2541 2520
f 2520 2541 2542
f 2520 2542 2521
f 2521 2542 2543
f 2521 2543 2522
f 2522 2543 2544
f 2522 2544 2523
f 2523 2544 2545
f 2523 2545 2524
f 2524 2545 2546
f 2524 2546 2525
f 2525 2546 2547
f 2525 2547 2526
f 2526 2547 2548
f 2526 2548 2527
f 2527 2548 2549
f 2527 2549 2528
f 2528 2549 2550
f 2528 2550 2529
f 2529 2550 2551
f 2529 2551 2530
f 2530 2551 2552
f 2530 2552 2288
f 2531 2265 2553
f 2531 2553 2532
f 2532 2553 2554
f 2532 2554 2533
f 2533 2554 2555
f 2533 2555 2534
f 2534 2555 2556
f 2534 2556 2535
f 2535 2556 2557
f 2535 2557 2536
f 2536 2557 2558
f 2536 2558 2537
f 2537 2558 2559
f 2537 2559 2538
f 2538 2559 2560
f 2538 2560 2539
f 2539 2560 2561
f 2539 2561 2540
f 2540 2561 2562
f 2540 2562 2541
f 2541 2562 2563
f 2541 2563 2542
f 2542 2563 2564
f 2542 2564 2543
f 2543 2564 2565
f 2543 2565 2544
f 2544 2565 2566
f 2544 2566 2545
f 2545 2566 2567
f 2545 2567 2546
f 2546 2567 2568
f 2546 2568 2547
f 2547 2568 2569
f 2547 2569 2548
f 2548 2569 2570
f 2548 2570 2549
f 2549 2570 2571
f 2549 2571 2550
f 2550 2571 2572
f 2550 2572 2551
f 2551 2572 2573
f 2551 2573 2552
f 2552 2573 2574
f 2552 2574 2288
f 2553 2265 2575
f 2553 2575 2554
f 2554 2575 2576
f 2554 2576 2555
f 2555 2576 2577
f 2555 2577 2556
f 2556 2577 2578
f 2556 2578 2557
f 2557 2578 2579
f 2557 2579 2558
f 2558 2579 2580
f 2558 2580 2559
f 2559 2580 2581
f 2559 2581 2560
f 2560 2581 2582
f 2560 2582 2561
f 2561 2582 2583
f 2561 2583 2562
f 2562 2583 2584
f 2562 2584 2563
f 2563 2584 2585
f 2563 2585 2564
f 2564 2585 2586
f 2564 2586 2565
f 2565 2586 2587
f 2565 2587 2566
f 2566 2587 2588
f 2566 2588 2567
f 2567 2588 2589
f 2567 2589 2568
f 2568 2589 2590
f 2568 2590 2569
f 2569 2590 2591
f 2569 2591 2570
f 2570 2591 2592
f 2570 2592 2571
f 2571 2592 2593
f 2571 2593 2572
f 2572 2593 2594
f 2572 2594 2573
f 2573 2594 2595
f 2573 2595 2574
f 2574 2595 2596
f 2574 2596 2288
f 2575 2265 2597
f 2575 2597 2576
f 2576 2597 2598
f 2576 2598 2577
f 2577 2598 2599
f 2577 2599 2578
f 2578 2599 2600
f 2578 2600 2579
f 2579 2600 2601
f 2579 2601 2580
f 2580 2601 2602
f 2580 2602 2581
f 2581 2602 2603
f 2581 2603 2582
f 2582 2603 2604
f 2582 2604 2583
f 2583 2604 2605
f 2583 2605 2584
f 2584 2605 2606
f 2584 2606 2585
f 2585 2606 2607
f 2585 2607 2586
f 2586 2607 2608
f 2586 2608 2587
f 2587 2608 2609
f 2587 2609 2588
f 2588 2609 2610
f 2588 2610 2589
f 2589 2610 2611
f 2589 2611 2590
f 2590 2611 2612
f 2590 2612 2591
f 2591 2612 2613
f 2591 2613 2592
f 2592 2613 2614
f 2592 2614 2593
f 2593 2614 2615
f 2593 2615 2594
f 2594 2615 2616
f 2594 2616 2595
f 2595 2616 2617
f 2595 2617 2596
f 2596 2617 2618
f 2596 2618 2288
f 2597 2265 2619
f 2597 2619 2598
f 2598 2619 2620
f 2598 2620 2599
f 2599 2620 2621
f 2599 2621 2600
f 2600 2621 2622
f 2600 2622 2601
f 2601 2622 2623
f 2601 2623 2602
f 2602 2623 2624
f 2602 2624 2603
f 2603 2624 2625
f 2603 2625 2604
f 2604 2625 2626
f 2604 2626 2605
f 2605 2626 2627
f 2605 2627 2606
f 2606 2627 2628
f 2606 2628 2607
f 2607 2628 2629
f 2607 2629 2608
f 2608 2629 2630
f 2608 2630 2609
f 2609 2630 2631
f 2609 2631 2610
f 2610 2631 2632
f 2610 2632 2611
f 2611 2632 2633
f 2611 2633 2612
f 2612 2633 2634
f 2612 2634 2613
f 2613 2634 2635
f 2613 2635 2614
f 2614 2635 2636
f 2614 2636 2615
f 2615 2636 2637
f 2615 2637 2616
f 2616 2637 2638
f 2616 2638 2617
f 2617 2638 2639
f 2617 2639 2618
f 2618 2639 2640
f 2618 2640 2288
f 2619 2265 2641
f 2619 2641 2620
f 2620 2641 2642
f 2620 2642 2621
f 2621 2642 2643
f 2621 2643 2622
f 2622 2643 2644
f 2622 2644 2623
f 2623 2644 2645
f 2623 2645 2624
f 2624 2645 2646
f 2624 2646 2625
f 2625 2646 2647
f 2625 2647 2626
f 2626 2647 2648
f 2626 2648 2627
f 2627 2648 2649
f 2627 2649 2628
f 2628 2649 2650
f 2628 2650 2629
f 2629 2650 2651
f 2629 2651 2630
f 2630 2651 2652
f 2630 2652 2631
f 2631 2652 2653
f 2631 2653 2632
f 2632 2653 2654
f 2632 2654 2633
f 2633 2654 2655
f 2633 2655 2634
f 2634 2655 2656
f 2634 2656 2635
f 2635 2656 2657
f 2635 2657 2636
f 2636 2657 2658
f 2636 2658 2637
f 2637 2658 2659
f 2637 2659 2638
f 2638 2659 2660
f 2638 2660 2639
f 2639 2660 2661
f 2639 2661 2640
f 2640 2661 2662
f 2640 2662 2288
f 2641 2265 2663
f 2641 2663 2642
f 2642 2663 2664
f 2642 2664 2643
f 2643 2664 2665
f 2643 2665 2644
f 2644 2665 2666
f 2644 2666 2645
f 2645 2666 2667
f 2645 2667 2646
f 2646 2667 2668
f 2646 2668 2647
f 2647 2668 2669
f 2647 2669 2648
f 2648 2669 2670
f 2648 2670 2649
f 2649 2670 2671
f 2649 2671 2650
f 2650 2671 2672
f 2650 2672 2651
f 2651 2672 2673
f 2651 2673 2652
f 2652 2673 2674
f 2652 2674 2653
f 2653 2674 2675
f 2653 2675 2654
f 2654 2675 2676
f 2654 2676 2655
f 2655 2676 2677
f 2655 2677 2656
f 2656 2677 2678
f 2656 2678 2657
f 2657 2678 2679
f 2657 2679 2658
f 2658 2679 2680
f 2658 2680 2659
f 2659 2680 2681
f 2659 2681 2660
f 2660 2681 2682
f 2660 2682 2661
f 2661 2682 2683
f 2661 2683 2662
f 2662 2683 2684
f 2662 2684 2288
f 2663 2265 2685
f 2663 2685 2664
f 2664 2685 2686
f 2664 2686 2665
f 2665 2686 2687
f 2665 2687 2666
f 2666 2687 2688
f 2666 2688 2667
f 2667 2688 2689
f 2667 2689 2668
f 2668 2689 2690
f 2668 2690 2669
f 2669 2690 2691
f 2669 2691 2670
f 2670 2691 2692
f 2670 2692 2671
f 2671 2692 2693
f 2671 2693 2672
f 2672 2693 2694
f 2672 2694 2673
f 2673 2694 2695
f 2673 2695 2674
f 2674 2695 2696
f 2674 2696 2675
f 2675 2696 2697
f 2675 2697 2676
f 2676 2697 2698
f 2676 2698 2677
f 2677 2698 2699
f 2677 2699 2678
f 2678 2699 2700
f 2678 2700 2679
f 2679 2700 2701
f 2679 2701 2680
f 2680 2701 2702
f 2680 2702 2681
f 2681 2702 2703
f 2681 2703 2682
f 2682 2703 2704
f 2682 2704 2683
f 2683 2704 2705
f 2683 2705 2684
f 2684 2705 2706
f 2684 2706 2288
f 2685 2265 2707
f 2685 2707 2686
f 2686 2707 2708
f 2686 2708 2687
f 2687 2708 2709
f 2687 2709 2688
f 2688 2709 2710
f 2688 2710 2689
f 2689 2710 2711
f 2689 2711 2690
f 2690 2711 2712
f 2690 2712 2691
f 2691 2712 2713
f 2691 2713 2692
f 2692 2713 2714
f 2692 2714 2693
f 2693 2714 2715
f 2693 2715 2694
f 2694 2715 2716
f 2694 2716 2695
f 2695 2716 2717
f 2695 2717 2696
f 2696 2717 2718
f 2696 2718 2697
f 2697 2718 2719
f 2697 2719 2698
f 2698 2719 2720
f 2698 2720 2699
f 2699 2720 2721
f 2699 2721 2700
f 2700 2721 2722
f 2700 2722 2701
f 2701 2722 2723
f 2701 2723 2702
f 2702 2723 2724
f 2702 2724 2703
f 2703 2724 2725
f 2703 2725 2704
f 2704 2725 2726
f 2704 2726 2705
f 2705 2726 2727
f 2705 2727 2706
f 2706 2727 2728
f 2706 2728 2288
f 2707 2265 2729
f 2707 2729 2708
f 2708 2729 2730
f 2708 2730 2709
f 2709 2730 2731
f 2709 2731 2710
f 2710 2731 2732
f 2710 2732 2711
f 2711 2732 2733
f 2711 2733 2712
f 2712 2733 2734
f 2712 2734 2713
f 2713 2734 2735
f 2713 2735 2714
f 2714 2735 2736
f 2714 2736 2715
f 2715 2736 2737
f 2715 2737 2716
f 2716 2737 2738
f 2716 2738 2717
f 2717 2738 2739
f 2717 2739 2718
f 2718 2739 2740
f 2718 2740 2719
f 2719 2740 2741
f 2719 2741 2720
f 2720 2741 2742
f 2720 2742 2721
f 2721 2742 2743
f 2721 2743 2722
f 2722 2743 2744
f 2722 2744 2723
f 2723 2744 2745
f 2723 2745 2724
f 2724 2745 2746
f 2724 2746 2725
f 2725 2746 2747
f 2725 2747 2726
f 2726 2747 2748
f 2726 2748 2727
f 2727 2748 2749
f 2727 2749 2728
f 2728 2749 2750
f 2728 2750 2288
f 2729 2265 2751
f 2729 2751 2730
f 2730 2751 2752
f 2730 2752 2731
f 2731 2752 2753
f 2731 2753 2732
f 2732 2753 2754
f 2732 2754 2733
f 2733 2754 2755
f 2733 2755 2734
f 2734 2755 2756
f 2734 2756 2735
f 2735 2756 2757
f 2735 2757 2736
f 2736 2757 2758
f 2736 2758 2737
f 2737 2758 2759
f 2737 2759 2738
f 2738 2759 2760
f 2738 2760 2739
f 2739 2760 2761
f 2739 2761 2740
f 2740 2761 2762
f 2740 2762 2741
f 2741 2762 2763
f 2741 2763 2742
f 2742 2763 2764
f 2742 2764 2743
f 2743 2764 2765
f 2743 2765 2744
f 2744 2765 2766
f 2744 2766 2745
f 2745 2766 2767
f 2745 2767 2746
f 2746 2767 2768
f 2746 2768 2747
f 2747 2768 2769
f 2747 2769 2748
f 2748 2769 2770
f 2748 2770 2749
f 2749 2770 2771
f 2749 2771 2750
f 2750 2771 2772
f 2750 2772 2288
f 2751 2265 2773
f 2751 2773 2752
f 2752 2773 2774
f 2752 2774 2753
f 2753 2774 2775
f 2753 2775 2754
f 2754 2775 2776
f 2754 2776 2755
f 2755 2776 2777
f 2755 2777 2756
f 2756 2777 2778
f 2756 2778 2757
f 2757 2778 2779
f 2757 2779 2758
f 2758 2779 2780
f 2758 2780 2759
f 2759 2780 2781
f 2759 2781 2760
f 2760 2781 2782
f 2760 2782 2761
f 2761 2782 2783
f 2761 2783 2762
f 2762 2783 2784
f 2762 2784 2763
f 2763 2784 2785
f 2763 2785 2764
f 2764 2785 2786
f 2764 2786 2765
f 2765 2786 2787
f 2765 2787 2766
f 2766 2787 2788
f 2766 2788 2767
f 2767 2788 2789
f 2767 2789 2768
f 2768 2789 2790
f 2768 2790 2769
f 2769 2790 2791
f 2769 2791 2770
f 2770 2791 2792
f 2770 2792 2771
f 2771 2792 2793
f 2771 2793 2772
f 2772 2793 2794
f 2772 2794 2288
f 2773 2265 2266
f 2773 2266 2774
f 2774 2266 2267
f 2774 2267 2775
f 2775 2267 2268
f 2775 2268 2776
f 2776 2268 2269
f 2776 2269 2777
f 2777 2269 2270
f 2777 2270 2778
f 2778 2270 2271
f 2778 2271 2779
f 2779 2271 2272
f 2779 2272 2780
f 2780 2272 2273
f 2780 2273 2781
f 2781 2273 2274
f 2781 2274 2782
f 2782 2274 2275
f 2782 2275 2783
f 2783 2275 2276
f 2783 2276 2784
f 2784 2276 2277
f 2784 2277 2785
f 2785 2277 2278
f 2785 2278 2786
f 2786 2278 2279
f 2786 2279 2787
f 2787 2279 2280
f 2787 2280 2788
f 2788 2280 2281
f 2788 2281 2789
f 2789 2281 2282
f 2789 2282 2790
f 2790 2282 2283
f 2790 2283 2791
f 2791 2283 2284
f 2791 2284 2792
f 2792 2284 2285
f 2792 2285 2793
f 2793 2285 2286
f 2793 2286 2794
f 2794 2286 2287
f 2794 2287 2288
f 2796 2795 2819
f 2796 2819 2797
f 2797 2819 2820
f 2797 2820 2798
f 2798 2820 2821
f 2798 2821 2799
f 2799 2821 2822
f 2799 2822 2800
f 2800 2822 2823
f 2800 2823 2801
f 2801 2823 2824
f 2801 2824 2802
f 2802 2824 2825
f 2802 2825 2803
f 2803 2825 2826
f 2803 2826 2804
f 2804 2826 2827
f 2804 2827 2805
f 2805 2827 2828
f 2805 2828 2806
f 2806 2828 2829
f 2806 2829 2807
f 2807 2829 2830
f 2807 2830 2808
f 2808 2830 2831
f 2808 2831 2809
f 2809 2831 2832
f 2809 2832 2810
f 2810 2832 2833
f 2810 2833 2811
f 2811 2833 2834
f 2811 2834 2812
f 2812 2834 2835
f 2812 2835 2813
f 2813 2835 2836
f 2813 2836 2814
f 2814 2836 2837
f 2814 2837 2815
f 2815 2837 2838
f 2815 2838 2816
f 2816 2838 2839
f 2816 2839 2817
f 2817 2839 2840
f 2817 2840 2818
f 2819 2795 2841
f 2819 2841 2820
f 2820 2841 2842
f 2820 2842 2821
f 2821 2842 2843
f 2821 2843 2822
f 2822 2843 2844
f 2822 2844 2823
f 2823 2844 2845
f 2823 2845 2824
f 2824 2845 2846
f 2824 2846 2825
f 2825 2846 2847
f 2825 2847 2826
f 2826 2847 2848
f 2826 2848 2827
f 2827 2848 2849
f 2827 2849 2828
f 2828 2849 2850
f 2828 2850 2829
f 2829 2850 2851
f 2829 2851 2830
f 2830 2851 2852
f 2830 2852 2831
f 2831 2852 2853
f 2831 2853 2832
f 2832 2853 2854
f 2832 2854 2833
f 2833 2854 2855
f 2833 2855 2834
f 2834 2855 2856
f 2834 2856 2835
f 2835 2856 2857
f 2835 2857 2836
f 2836 2857 2858
f 2836 2858 2837
f 2837 2858 2859
f 2837 2859 2838
f 2838 2859 2860
f 2838 2860 2839
f 2839 2860 2861
f 2839 2861 2840
f 2840 2861 2862
f 2840 2862 2818
f 2841 2795 2863
f 2841 2863 2842
f 2842 2863 2864
f 2842 2864 2843
f 2843 2864 2865
f 2843 2865 2844
f 2844 2865 2866
f 2844 2866 2845
f 2845 2866 2867
f 2845 2867 2846
f 2846 2867 2868
f 2846 2868 2847
f 2847 2868 2869
f 2847 2869 2848
f 2848 2869 2870
f 2848 2870 2849
f 2849 2870 2871
f 2849 2871 2850
f 2850 2871 2872
f 2850 2872 2851
f 2851 2872 2873
f 2851 2873 2852
f 2852 2873 2874
f 2852 2874 2853
f 2853 2874 2875
f 2853 2875 2854
f 2854 2875 2876
f 2854 2876 2855
f 2855 2876 2877
f 2855 2877 2856
f 2856 2877 2878
f 2856 2878 2857
f 2857 2878 2879
f 2857 2879 2858
f 2858 2879 2880
f 2858 2880 2859
f 2859 2880 2881
f 2859 2881 2860
f 2860 2881 2882
f 2860 2882 2861
f 2861 2882 2883
f 2861 2883 2862
f 2862 2883 2884
f 2862 2884 2818
f 2863 2795 2885
f 2863 2885 2864
f 2864 2885 2886
f 2864 2886 2865
f 2865 2886 2887
f 2865 2887 2866
f 2866 2887 2888
f 2866 2888 2867
f 2867 2888 2889
f 2867 2889 2868
f 2868 2889 2890
f 2868 2890 2869
f 2869 2890 2891
f 2869 2891 2870
f 2870 2891 2892
f 2870 2892 2871
f 2871 2892 2893
f 2871 2893 2872
f 2872 2893 2894
f 2872 2894 2873
f 2873 2894 2895
f 2873 2895 2874
f 2874 2895 2896
f 2874 2896 2875
f 2875 2896 2897
f 2875 2897 2876
f 2876 2897 2898
f 2876 2898 2877
f 2877 2898 2899
f 2877 2899 2878
f 2878 2899 2900
f 2878 2900 2879
f 2879 2900 2901
f 2879 2901 2880
f 2880 2901 2902
f 2880 2902 2881
f 2881 2902 2903
f 2881 2903 2882
f 2882 2903 2904
f 2882 2904 2883
f 2883 2904 2905
f 2883 2905 2884
f 2884 2905 2906
f 2884 2906 2818
f 2885 2795 2907
f 2885 2907 2886
f 2886 2907 2908
f 2886 2908 2887
f 2887 2908 2909
f 2887 2909 2888
f 2888 2909 2910
f 2888 2910 2889
f 2889 2910 2911
f 2889 2911 2890
f 2890 2911 2912
f 2890 2912 2891
f 2891 2912 2913
f 2891 2913 2892
f 2892 2913 2914
f 2892 2914 2893
f 2893 2914 2915
f 2893 2915 2894
f 2894 2915 2916
f 2894 2916 2895
f 2895 2916 2917
f 2895 2917 2896
f 2896 2917 2918
f 2896 2918 2897
f 2897 2918 2919
f 2897 2919 2898
f 2898 2919 2920
f 2898 2920 2899
f 2899 2920 2921
f 2899 2921 2900
f 2900 2921 2922
f 2900 2922 2901
f 2901 2922 2923
f 2901 2923 2902
f 2902 2923 2924
f 2902 2924 2903
f 2903 2924 2925
f 2903 2925 2904
f 2904 2925 2926
f 2904 2926 2905
f 2905 2926 2927
f 2905 2927 2906
f 2906 2927 2928
f 2906 2928 2818
f 2907 2795 2929
f 2907 2929 2908
f 2908 2929 2930
f 2908 2930 2909
f 2909 2930 2931
f 2909 2931 2910
f 2910 2931 2932
f 2910 2932 2911
f 2911 2932 2933
f 2911 2933 2912
f 2912 2933 2934
f 2912 2934 2913
f 2913 2934 2935
f 2913 2935 2914
f 2914 2935 2936
f 2914 2936 2915
f 2915 2936 2937
f 2915 2937 2916
f 2916 2937 2938
f 2916 2938 2917
f 2917 2938 2939
f 2917 2939 2918
f 2918 2939 2940
f 2918 2940 2919
f 2919 2940 2941
f 2919 2941 2920
f 2920 2941 2942
f 2920 2942 2921
f 2921 2942 2943
f 2921 2943 2922
f 2922 2943 2944
f 2922 2944 2923
f 2923 2944 2945
f 2923 2945 2924
f 2924 2945 2946
f 2924 2946 2925
f 2925 2946 2947
f 2925 2947 2926
f 2926 2947 2948
f 2926 2948 2927
f 2927 2948 2949
f 2927 2949 2928
f 2928 2949 2950
f 2928 2950 2818
f 2929 2795 2951
f 2929 2951 2930
f 2930 2951 2952
f 2930 2952 2931
f 2931 2952 2953
f 2931 2953 2932
f 2932 2953 2954
f 2932 2954 2933
f 2933 2954 2955
f 2933 2955 2934
f 2934 2955 2956
f 2934 2956 2935
f 2935 2956 2957
f 2935 2957 2936
f 2936 2957 2958
f 2936 2958 2937
f 2937 2958 2959
f 2937 2959 2938
f 2938 2959 2960
f 2938 2960 2939
f 2939 2960 2961
f 2939 2961 2940
f 2940 2961 2962
f 2940 2962 2941
f 2941 2962 2963
f 2941 2963 2942
f 2942 2963 2964
f 2942 2964 2943
f 2943 2964 2965
f 2943 2965 2944
f 2944 2965 2966
f 2944 2966 2945
f 2945 2966 2967
f 2945 2967 2946
f 2946 2967 2968
f 2946 2968 2947
f 2947 2968 2969
f 2947 2969 2948
f 2948 2969 2970
f 2948 2970 2949
f 2949 2970 2971
f 2949 2971 2950
f 2950 2971 2972
f 2950 2972 2818
f 2951 2795 2973
f 2951 2973 2952
f 2952 2973 2974
f 2952 2974 2953
f 2953 2974 2975
f 2953 2975 2954
f 2954 2975 2976
f 2954 2976 2955
f 2955 2976 2977
f 2955 2977 2956
f 2956 2977 2978
f 2956 2978 2957
f 2957 2978 2979
f 2957 2979 2958
f 2958 2979 2980
f 2958 2980 2959
f 2959 2980 2981
f 2959 2981 2960
f 2960 2981 2982
f 2960 2982 2961
f 2961 2982 2983
f 2961 2983 2962
f 2962 2983 2984
f 2962 2984 2963
f 2963 2984 2985
f 2963 2985 2964
f 2964 2985 2986
f 2964 2986 2965
f 2965 2986 2987
f 2965 2987 2966
f 2966 2987 2988
f 2966 2988 2967
f 2967 2988 2989
f 2967 2989 2968
f 2968 2989 2990
f 2968 2990 2969
f 2969 2990 2991
f 2969 2991 2970
f 2970 2991 2992
f 2970 2992 2971
f 2971 2992 2993
f 2971 2993 2972
f 2972 2993 2994
f 2972 2994 2818
f 2973 2795 2995
f 2973 2995 2974
f 2974 2995 2996
f 2974 2996 2975
f 2975 2996 2997
f 2975 2997 2976
f 2976 2997 2998
f 2976 2998 2977
f 2977 2998 2999
f 2977 2999 2978
f 2978 2999 3000
f 2978 3000 2979
f 2979 3000 3001
f 2979 3001 2980
f 2980 3001 3002
f 2980 3002 2981
f 2981 3002 3003
f 2981 3003 2982
f 2982 3003 3004
f 2982 3004 2983
f 2983 3004 3005
f 2983 3005 2984
f 2984 3005 3006
f 2984 3006 2985
f 2985 3006 3007
f 2985 3007 2986
f 2986 3007 3008
f 2986 3008 2987
f 2987 3008 3009
f 2987 3009 2988
f 2988 3009 3010
f 2988 3010 2989
f 2989 3010 3011
f 2989 3011 2990
f 2990 3011 3012
f 2990 3012 2991
f 2991 3012 3013
f 2991 3013 2992
f 2992 3013 3014
f 2992 3014 2993
f 2993 3014 3015
f 2993 3015 2994
f 2994 3015 3016
f 2994 3016 2818
f 2995 2795 3017
f 2995 3017 2996
f 2996 3017 3018
f 2996 3018 2997
f 2997 3018 3019
f 2997 3019 2998
f 2998 3019 3020
f 2998 3020 2999
f 2999 3020 3021
f 2999 3021 3000
f 3000 3021 3022
f 3000 3022 3001
f 3001 3022 3023
f 3001 3023 3002
f 3002 3023 3024
f 3002 3024 3003
f 3003 3024 3025
f 3003 3025 3004
f 3004 3025 3026
f 3004 3026 3005
f 3005 3026 3027
f 3005 3027 3006
f 3006 3027 3028
f 3006 3028 3007
f 3007 3028 3029
f 3007 3029 3008
f 3008 3029 3030
f 3008 3030 3009
f 3009 3030 3031
f 3009 3031 3010
f 3010 3031 3032
f 3010 3032 3011
f 3011 3032 3033
f 3011 3033 3012
f 3012 3033 3034
f 3012 3034 3013
f 3013 3034 3035
f 3013 3035 3014
f 3014 3035 3036
f 3014 3036 3015
f 3015 3036 3037
f 3015 3037 3016
f 3016 3037 3038
f 3016 3038 2818
f 3017 2795 3039
f 3017 3039 3018
f 3018 3039 3040
f 3018 3040 3019
f 3019 3040 3041
f 3019 3041 3020
f 3020 3041 3042
f 3020 3042 3021
f 3021 3042 3043
f 3021 3043 3022
f 3022 3043 3044
f 3022 3044 3023
f 3023 3044 3045
f 3023 3045 3024
f 3024 3045 3046
f 3024 3046 3025
f 3025 3046 3047
f 3025 3047 3026
f 3026 3047 3048
f 3026 3048 3027
f 3027 3048 3049
f 3027 3049 3028
f 3028 3049 3050
f 3028 3050 3029
f 3029 3050 3051
f 3029 3051 3030
f 3030 3051 3052
f 3030 3052 3031
f 3031 3052 3053
f 3031 3053 3032
f 3032 3053 3054
f 3032 3054 3033
f 3033 3054 3055
f 3033 3055 3034
f 3034 3055 3056
f 3034 3056 3035
f 3035 3056 3057
f 3035 3057 3036
f 3036 3057 3058
f 3036 3058 3037
f 3037 3058 3059
f 3037 3059 3038
f 3038 3059 3060
f 3038 3060 2818
f 3039 2795 3061
f 3039 3061 3040
f 3040 3061 3062
f 3040 3062 3041
f 3041 3062 3063
f 3041 3063 3042
f 3042 3063 3064
f 3042 3064 3043
f 3043 3064 3065
f 3043 3065 3044
f 3044 3065 3066
f 3044 3066 3045
f 3045 3066 3067
f 3045 3067 3046
f 3046 3067 3068
f 3046 3068 3047
f 3047 3068 3069
f 3047 3069 3048
f 3048 3069 3070
f 3048 3070 3049
f 3049 3070 3071
f 3049 3071 3050
f 3050 3071 3072
f 3050 3072 3051
f 3051 3072 3073
f 3051 3073 3052
f 3052 3073 3074
f 3052 3074 3053
f 3053 3074 3075
f 3053 3075 3054
f 3054 3075 3076
f 3054 3076 3055
f 3055 3076 3077
f 3055 3077 3056
f 3056 3077 3078
f 3056 3078 3057
f 3057 3078 3079
f 3057 3079 3058
f 3058 3079 3080
f 3058 3080 3059
f 3059 3080 3081
f 3059 3081 3060
f 3060 3081 3082
f 3060 3082 2818
f 3061 2795 3083
f 3061 3083 3062
f 3062 3083 3084
f 3062 3084 3063
f 3063 3084 3085
f 3063 3085 3064
f 3064 3085 3086
f 3064 3086 3065
f 3065 3086 3087
f 3065 3087 3066
f 3066 3087 3088
f 3066 3088 3067
f 3067 3088 3089
f 3067 3089 3068
f 3068 3089 3090
f 3068 3090 3069
f 3069 3090 3091
f 3069 3091 3070
f 3070 3091 3092
f 3070 3092 3071
f 3071 3092 3093
f 3071 3093 3072
f 3072 3093 3094
f 3072 3094 3073
f 3073 3094 3095
f 3073 3095 3074
f 3074 3095 3096
f 3074 3096 3075
f 3075 3096 3097
f 3075 3097 3076
f 3076 3097 3098
f 3076 3098 3077
f 3077 3098 3099
f 3077 3099 3078
f 3078 3099 3100
f 3078 3100 3079
f 3079 3100 3101
f 3079 3101 3080
f 3080 3101 3102
f 3080 3102 3081
f 3081 3102 3103
f 3081 3103 3082
f 3082 3103 3104
f 3082 3104 2818
f 3083 2795 3105
f 3083 3105 3084
f 3084 3105 3106
f 3084 3106 3085
f 3085 3106 3107
f 3085 3107 3086
f 3086 3107 3108
f 3086 3108 3087
f 3087 3108 3109
f 3087 3109 3088
f 3088 3109 3110
f 3088 3110 3089
f 3089 3110 3111
f 3089 3111 3090
f 3090 3111 3112
f 3090 3112 3091
f 3091 3112 3113
f 3091 3113 3092
f 3092 3113 3114
f 3092 3114 3093
f 3093 3114 3115
f 3093 3115 3094
f 3094 3115 3116
f 3094 3116 3095
f 3095 3116 3117
f 3095 3117 3096
f 3096 3117 3118
f 3096 3118 3097
f 3097 3118 3119
f 3097 3119 3098
f 3098 3119 3120
f 3098 3120 3099
f 3099 3120 3121
f 3099 3121 3100
f 3100 3121 3122
f 3100 3122 3101
f 3101 3122 3123
f 3101 3123 3102
f 3102 3123 3124
f 3102 3124 3103
f 3103 3124 3125
f 3103 3125 3104
f 3104 3125 3126
f 3104 3126 2818
f 3105 2795 3127
f 3105 3127 3106
f 3106 3127 3128
f 3106 3128 3107
f 3107 3128 3129
f 3107 3129 3108
f 3108 3129 3130
f 3108 3130 3109
f 3109 3130 3131
f 3109 3131 3110
f 3110 3131 3132
f 3110 3132 3111
f 3111 3132 3133
f 3111 3133 3112
f 3112 3133 3134
f 3112 3134 3113
f 3113 3134 3135
f 3113 3135 3114
f 3114 3135 3136
f 3114 3136 3115
f 3115 3136 3137
f 3115 3137 3116
f 3116 3137 3138
f 3116 3138 3117
f 3117 3138 3139
f 3117 3139 3118
f 3118 3139 3140
f 3118 3140 3119
f 3119 3140 3141
f 3119 3141 3120
f 3120 3141 3142
f 3120 3142 3121
f 3121 3142 3143
f 3121 3143 3122
f 3122 3143 3144
f 3122 3144 3123
f 3123 3144 3145
f 3123 3145 3124
f 3124 3145 3146
f 3124 3146 3125
f 3125 3146 3147
f 3125 3147 3126
f 3126 3147 3148
f 3126 3148 2818
f 3127 2795 3149
f 3127 3149 3128
f 3128 3149 3150
f 3128 3150 3129
f 3129 3150 3151
f 3129 3151 3130
f 3130 3151 3152
f 3130 3152 3131
f 3131 3152 3153
f 3131 3153 3132
f 3132 3153 3154
f 3132 3154 3133
f 3133 3154 3155
f 3133 3155 3134
f 3134 3155 3156
f 3134 3156 3135
f 3135 3156 3157
f 3135 3157 3136
f 3136 3157 3158
f 3136 3158 3137
f 3137 3158 3159
f 3137 3159 3138
f 3138 3159 3160
f 3138 3160 3139
f 3139 3160 3161
f 3139 3161 3140
f 3140 3161 3162
f 3140 3162 3141
f 3141 3162 3163
f 3141 3163 3142
f 3142 3163 3164
f 3142 3164 3143
f 3143 3164 3165
f 3143 3165 3144
f 3144 3165 3166
f 3144 3166 3145
f 3145 3166 3167
f 3145 3167 3146
f 3146 3167 3168
f 3146 3168 3147
f 3147 3168 3169
f 3147 3169 3148
f 3148 3169 3170
f 3148 3170 2818
f 3149 2795 3171
f 3149 3171 3150
f 3150 3171 3172
f 3150 3172 3151
f 3151 3172 3173
f 3151 3173 3152
f 3152 3173 3174
f 3152 3174 3153
f 3153 3174 3175
f 3153 3175 3154
f 3154 3175 3176
f 3154 3176 3155
f 3155 3176 3177
f 3155 3177 3156
f 3156 3177 3178
f 3156 3178 3157
f 3157 3178 3179
f 3157 3179 3158
f 3158 3179 3180
f 3158 3180 3159
f 3159 3180 3181
f 3159 3181 3160
f 3160 3181 3182
f 3160 3182 3161
f 3161 3182 3183
f 3161 3183 3162
f 3162 3183 3184
f 3162 3184 3163
f 3163 3184 3185
f 3163 3185 3164
f 3164 3185 3186
f 3164 3186 3165
f 3165 3186 3187
f 3165 3187 3166
f 3166 3187 3188
f 3166 3188 3167
f 3167 3188 3189
f 3167 3189 3168
f 3168 3189 3190
f 3168 3190 3169
f 3169 3190 3191
f 3169 3191 3170
f 3170 3191 3192
f 3170 3192 2818
f 3171 2795 3193
f 3171 3193 3172
f 3172 3193 3194
f 3172 3194 3173
f 3173 3194 3195
f 3173 3195 3174
f 3174 3195 3196
f 3174 3196 3175
f 3175 3196 3197
f 3175 3197 3176
f 3176 3197 3198
f 3176 3198 3177
f 3177 3198 3199
f 3177 3199 3178
f 3178 3199 3200
f 3178 3200 3179
f 3179 3200 3201
f 3179 3201 3180
f 3180 3201 3202
f 3180 3202 3181
f 3181 3202 3203
f 3181 3203 3182
f 3182 3203 3204
f 3182 3204 3183
f 3183 3204 3205
f 3183 3205 3184
f 3184 3205 3206
f 3184 3206 3185
f 3185 3206 3207
f 3185 3207 3186
f 3186 3207 3208
f 3186 3208 3187
f 3187 3208 3209
f 3187 3209 3188
f 3188 3209 3210
f 3188 3210 3189
f 3189 3210 3211
f 3189 3211 3190
f 3190 3211 3212
f 3190 3212 3191
f 3191 3212 3213
f 3191 3213 3192
f 3192 3213 3214
f 3192 3214 2818
f 3193 2795 3215
f 3193 3215 3194
f 3194 3215 3216
f 3194 3216 3195
f 3195 3216 3217
f 3195 3217 3196
f 3196 3217 3218
f 3196 3218 3197
f 3197 3218 3219
f 3197 3219 3198
f 3198 3219 3220
f 3198 3220 3199
f 3199 3220 3221
f 3199 3221 3200
f 3200 3221 3222
f 3200 3222 3201
f 3201 3222 3223
f 3201 3223 3202
f 3202 3223 3224
f 3202 3224 3203
f 3203 3224 3225
f 3203 3225 3204
f 3204 3225 3226
f 3204 3226 3205
f 3205 3226 3227
f 3205 3227 3206
f 3206 3227 3228
f 3206 3228 3207
f 3207 3228 3229
f 3207 3229 3208
f 3208 3229 3230
f 3208 3230 3209
f 3209 3230 3231
f 3209 3231 3210
f 3210 3231 3232
f 3210 3232 3211
f 3211 3232 3233
f 3211 3233 3212
f 3212 3233 3234
f 3212 3234 3213
f 3213 3234 3235
f 3213 3235 3214
f 3214 3235 3236
f 3214 3236 2818
f 3215 2795 3237
f 3215 3237 3216
f 3216 3237 3238
f 3216 3238 3217
f 3217 3238 3239
f 3217 3239 3218
f 3218 3239 3240
f 3218 3240 3219
f 3219 3240 3241
f 3219 3241 3220
f 3220 3241 3242
f 3220 3242 3221
f 3221 3242 3243
f 3221 3243 3222
f 3222 3243 3244
f 3222 3244 3223
f 3223 3244 3245
f 3223 3245 3224
f 3224 3245 3246
f 3224 3246 3225
f 3225 3246 3247
f 3225 3247 3226
f 3226 3247 3248
f 3226 3248 3227
f 3227 3248 3249
f 3227 3249 3228
f 3228 3249 3250
f 3228 3250 3229
f 3229 3250 3251
f 3229 3251 3230
f 3230 3251 3252
f 3230 3252 3231
f 3231 3252 3253
f 3231 3253 3232
f 3232 3253 3254
f 3232 3254 3233
f 3233 3254 3255
f 3233 3255 3234
f 3234 3255 3256
f 3234 3256 3235
f 3235 3256 3257
f 3235 3257 3236
f 3236 3257 3258
f 3236 3258 2818
f 3237 2795 3259
f 3237 3259 3238
f 3238 3259 3260
f 3238 3260 3239
f 3239 3260 3261
f 3239 3261 3240
f 3240 3261 3262
f 3240 3262 3241
f 3241 3262 3263
f 3241 3263 3242
f 3242 3263 3264
f 3242 3264 3243
f 3243 3264 3265
f 3243 3265 3244
f 3244 3265 3266
f 3244 3266 3245
f 3245 3266 3267
f 3245 3267 3246
f 3246 3267 3268
f 3246 3268 3247
f 3247 3268 3269
f 3247 3269 3248
f 3248 3269 3270
f 3248 3270 3249
f 3249 3270 3271
f 3249 3271 3250
f 3250 3271 3272
f 3250 3272 3251
f 3251 3272 3273
f 3251 3273 3252
f 3252 3273 3274
f 3252 3274 3253
f 3253 3274 3275
f 3253 3275 3254
f 3254 3275 3276
f 3254 3276 3255
f 3255 3276 3277
f 3255 3277 3256
f 3256 3277 3278
f 3256 3278 3257
f 3257 3278 3279
f 3257 3279 3258
f 3258 3279 3280
f 3258 3280 2818
f 3259 2795 3281
f 3259 3281 3260
f 3260 3281 3282
f 3260 3282 3261
f 3261 3282 3283
f 3261 3283 3262
f 3262 3283 3284
f 3262 3284 3263
f 3263 3284 3285
f 3263 3285 3264
f 3264 3285 3286
f 3264 3286 3265
f 3265 3286 3287
f 3265 3287 3266
f 3266 3287 3288
f 3266 3288 3267
f 3267 3288 3289
f 3267 3289 3268
f 3268 3289 3290
f 3268 3290 3269
f 3269 3290 3291
f 3269 3291 3270
f 3270 3291 3292
f 3270 3292 3271
f 3271 3292 3293
f 3271 3293 3272
f 3272 3293 3294
f 3272 3294 3273
f 3273 3294 3295
f 3273 3295 3274
f 3274 3295 3296
f 3274 3296 3275
f 3275 3296 3297
f 3275 3297 3276
f 3276 3297 3298
f 3276 3298 3277
f 3277 3298 3299
f 3277 3299 3278
f 3278 3299 3300
f 3278 3300 3279
f 3279 3300 3301
f 3279 3301 3280
f 3280 3301 3302
f 3280 3302 2818
f 3281 2795 3303
f 3281 3303 3282
f 3282 3303 3304
f 3282 3304 3283
f 3283 3304 3305
f 3283 3305 3284
f 3284 3305 3306
f 3284 3306 3285
f 3285 3306 3307
f 3285 3307 3286
f 3286 3307 3308
f 3286 3308 3287
f 3287 3308 3309
f 3287 3309 3288
f 3288 3309 3310
f 3288 3310 3289
f 3289 3310 3311
f 3289 3311 3290
f 3290 3311 3312
f 3290 3312 3291
f 3291 3312 3313
f 3291 3313 3292
f 3292 3313 3314
f 3292 3314 3293
f 3293 3314 3315
f 3293 3315 3294
f 3294 3315 3316
f 3294 3316 3295
f 3295 3316 3317
f 3295 3317 3296
f 3296 3317 3318
f 3296 3318 3297
f 3297 3318 3319
f 3297 3319 3298
f 3298 3319 3320
f 3298 3320 3299
f 3299 3320 3321
f 3299 3321 3300
f 3300 3321 3322
f 3300 3322 3301
f 3301 3322 3323
f 3301 3323 3302
f 3302 3323 3324
f 3302 3324 2818
f 3303 2795 2796
f 3303 2796 3304
f 3304 2796 2797
f 3304 2797 3305
f 3305 2797 2798
f 3305 2798 3306
f 3306 2798 2799
f 3306 2799 3307
f 3307 2799 2800
f 3307 2800 3308
f 3308 2800 2801
f 3308 2801 3309
f 3309 2801 2802
f 3309 2802 3310
f 3310 2802 2803
f 3310 2803 3311
f 3311 2803 2804
f 3311 2804 3312
f 3312 2804 2805
f 3312 2805 3313
f 3313 2805 2806
f 3313 2806 3314
f 3314 2806 2807
f 3314 2807 3315
f 3315 2807 2808
f 3315 2808 3316
f 3316 2808 2809
f 3316 2809 3317
f 3317 2809 2810
f 3317 2810 3318
f 3318 2810 2811
f 3318 2811 3319
f 3319 2811 2812
f 3319 2812 3320
f 3320 2812 2813
f 3320 2813 3321
f 3321 2813 2814
f 3321 2814 3322
f 3322 2814 2815
f 3322 2815 3323
f 3323 2815 2816
f 3323 2816 3324
f 3324 2816 2817
f 3324 2817 2818
f 3325 3462 3378
f 3462 3362 3464
f 3378 3464 3341
f 3462 3464 3378
f 3362 3463 3479
f 3463 3336 3476
f 3479 3476 3365
f 3463 3476 3479
f 3341 3477 3379
f 3477 3365 3475
f 3379 3475 3330
f 3477 3475 3379
f 3362 3479 3464
f 3479 3365 3477
f 3464 3477 3341
f 3479 3477 3464
f 3325 3378 3367
f 3378 3341 3380
f 3367 3380 3337
f 3378 3380 3367
f 3341 3379 3384
f 3379 3330 3382
f 3384 3382 3342
f 3379 3382 3384
f 3337 3383 3368
f 3383 3342 3381
f 3368 3381 3326
f 3383 3381 3368
f 3341 3384 3380
f 3384 3342 3383
f 3380 3383 3337
f 3384 3383 3380
f 3325 3367 3394
f 3367 3337 3396
f 3394 3396 3346
f 3367 3396 3394
f 3337 3368 3399
f 3368 3326 3397
f 3399 3397 3347
f 3368 3397 3399
f 3346 3400 3395
f 3400 3347 3398
f 3395 3398 3332
f 3400 3398 3395
f 3337 3399 3396
f 3399 3347 3400
f 3396 3400 3346
f 3399 3400 3396
f 3325 3394 3445
f 3394 3346 3447
f 3445 3447 3358
f 3394 3447 3445
f 3346 3395 3458
f 3395 3332 3456
f 3458 3456 3361
f 3395 3456 3458
f 3358 3460 3446
f 3460 3361 3457
f 3446 3457 3335
f 3460 3457 3446
f 3346 3458 3447
f 3458 3361 3460
f 3447 3460 3358
f 3458 3460 3447
f 3325 3445 3462
f 3445 3358 3465
f 3462 3465 3362
f 3445 3465 3462
f 3358 3446 3483
f 3446 3335 3481
f 3483 3481 3366
f 3446 3481 3483
f 3362 3485 3463
f 3485 3366 3482
f 3463 3482 3336
f 3485 3482 3463
f 3358 3483 3465
f 3483 3366 3485
f 3465 3485 3362
f 3483 3485 3465
f 3326 3381 3420
f 3381 3342 3422
f 3420 3422 3353
f 3381 3422 3420
f 3342 3382 3435
f 3382 3330 3433
f 3435 3433 3356
f 3382 3433 3435
f 3353 3437 3421
f 3437 3356 3434
f 3421 3434 3334
f 3437 3434 3421
f 3342 3435 3422
f 3435 3356 3437
f 3422 3437 3353
f 3435 3437 3422
f 3330 3475 3386
f 3475 3365 3478
f 3386 3478 3343
f 3475 3478 3386
f 3365 3476 3480
f 3476 3336 3471
f 3480 3471 3364
f 3476 3471 3480
f 3343 3473 3385
f 3473 3364 3470
f 3385 3470 3329
f 3473 3470 3385
f 3365 3480 3478
f 3480 3364 3473
f 3478 3473 3343
f 3480 3473 3478
f 3336 3482 3467
f 3482 3366 3486
f 3467 3486 3363
f 3482 3486 3467
f 3366 3481 3484
f 3481 3335 3449
f 3484 3449 3359
f 3481 3449 3484
f 3363 3469 3466
f 3469 3359 3448
f 3466 3448 3327
f 3469 3448 3466
f 3366 3484 3486
f 3484 3359 3469
f 3486 3469 3363
f 3484 3469 3486
f 3335 3457 3452
f 3457 3361 3461
f 3452 3461 3360
f 3457 3461 3452
f 3361 3456 3459
f 3456 3332 3402
f 3459 3402 3348
f 3456 3402 3459
f 3360 3454 3451
f 3454 3348 3401
f 3451 3401 3331
f 3454 3401 3451
f 3361 3459 3461
f 3459 3348 3454
f 3461 3454 3360
f 3459 3454 3461
f 3332 3398 3414
f 3398 3347 3416
f 3414 3416 3352
f 3398 3416 3414
f 3347 3397 3405
f 3397 3326 3403
f 3405 3403 3349
f 3397 3403 3405
f 3352 3418 3415
f 3418 3349 3404
f 3415 3404 3333
f 3418 3404 3415
f 3347 3405 3416
f 3405 3349 3418
f 3416 3418 3352
f 3405 3418 3416
f 3328 3424 3374
f 3424 3354 3426
f 3374 3426 3340
f 3424 3426 3374
f 3354 3425 3432
f 3425 3334 3429
f 3432 3429 3355
f 3425 3429 3432
f 3340 3430 3375
f 3430 3355 3428
f 3375 3428 3329
f 3430 3428 3375
f 3354 3432 3426
f 3432 3355 3430
f 3426 3430 3340
f 3432 3430 3426
f 3328 3374 3370
f 3374 3340 3376
f 3370 3376 3338
f 3374 3376 3370
f 3340 3375 3377
f 3375 3329 3372
f 3377 3372 3339
f 3375 3372 3377
f 3338 3373 3369
f 3373 3339 3371
f 3369 3371 3327
f 3373 3371 3369
f 3340 3377 3376
f 3377 3339 3373
f 3376 3373 3338
f 3377 3373 3376
f 3328 3370 3390
f 3370 3338 3392
f 3390 3392 3345
f 3370 3392 3390
f 3338 3369 3389
f 3369 3327 3387
f 3389 3387 3344
f 3369 3387 3389
f 3345 3393 3391
f 3393 3344 3388
f 3391 3388 3331
f 3393 3388 3391
f 3338 3389 3392
f 3389 3344 3393
f 3392 3393 3345
f 3389 3393 3392
f 3328 3390 3406
f 3390 3345 3408
f 3406 3408 3350
f 3390 3408 3406
f 3345 3391 3411
f 3391 3331 3409
f 3411 3409 3351
f 3391 3409 3411
f 3350 3413 3407
f 3413 3351 3410
f 3407 3410 3333
f 3413 3410 3407
f 3345 3411 3408
f 3411 3351 3413
f 3408 3413 3350
f 3411 3413 3408
f 3328 3406 3424
f 3406 3350 3427
f 3424 3427 3354
f 3406 3427 3424
f 3350 3407 3442
f 3407 3333 3439
f 3442 3439 3357
f 3407 3439 3442
f 3354 3444 3425
f 3444 3357 3440
f 3425 3440 3334
f 3444 3440 3425
f 3350 3442 3427
f 3442 3357 3444
f 3427 3444 3354
f 3442 3444 3427
f 3329 3428 3385
f 3428 3355 3431
f 3385 3431 3343
f 3428 3431 3385
f 3355 3429 3438
f 3429 3334 3434
f 3438 3434 3356
f 3429 3434 3438
f 3343 3436 3386
f 3436 3356 3433
f 3386 3433 3330
f 3436 3433 3386
f 3355 3438 3431
f 3438 3356 3436
f 3431 3436 3343
f 3438 3436 3431
f 3327 3371 3466
f 3371 3339 3468
f 3466 3468 3363
f 3371 3468 3466
f 3339 3372 3472
f 3372 3329 3470
f 3472 3470 3364
f 3372 3470 3472
f 3363 3474 3467
f 3474 3364 3471
f 3467 3471 3336
f 3474 3471 3467
f 3339 3472 3468
f 3472 3364 3474
f 3468 3474 3363
f 3472 3474 3468
f 3331 3388 3451
f 3388 3344 3453
f 3451 3453 3360
f 3388 3453 3451
f 3344 3387 3450
f 3387 3327 3448
f 3450 3448 3359
f 3387 3448 3450
f 3360 3455 3452
f 3455 3359 3449
f 3452 3449 3335
f 3455 3449 3452
f 3344 3450 3453
f 3450 3359 3455
f 3453 3455 3360
f 3450 3455 3453
f 3333 3410 3415
f 3410 3351 3419
f 3415 3419 3352
f 3410 3419 3415
f 3351 3409 3412
f 3409 3331 3401
f 3412 3401 3348
f 3409 3401 3412
f 3352 3417 3414
f 3417 3348 3402
f 3414 3402 3332
f 3417 3402 3414
f 3351 3412 3419
f 3412 3348 3417
f 3419 3417 3352
f 3412 3417 3419
f 3334 3440 3421
f 3440 3357 3443
f 3421 3443 3353
f 3440 3443 3421
f 3357 3439 3441
f 3439 3333 3404
f 3441 3404 3349
f 3439 3404 3441
f 3353 3423 3420
f 3423 3349 3403
f 3420 3403 3326
f 3423 3403 3420
f 3357 3441 3443
f 3441 3349 3423
f 3443 3423 3353
f 3441 3423 3443
f 3487 3624 3540
f 3624 3524 3626
f 3540 3626 3503
f 3624 3626 3540
f 3524 3625 3641
f 3625 3498 3638
f 3641 3638 3527
f 3625 3638 3641
f 3503 3639 3541
f 3639 3527 3637
f 3541 3637 3492
f 3639 3637 3541
f 3524 3641 3626
f 3641 3527 3639
f 3626 3639 3503
f 3641 3639 3626
f 3487 3540 3529
f 3540 3503 3542
f 3529 3542 3499
f 3540 3542 3529
f 3503 3541 3546
f 3541 3492 3544
f 3546 3544 3504
f 3541 3544 3546
f 3499 3545 3530
f 3545 3504 3543
f 3530 3543 3488
f 3545 3543 3530
f 3503 3546 3542
f 3546 3504 3545
f 3542 3545 3499
f 3546 3545 3542
f 3487 3529 3556
f 3529 3499 3558
f 3556 3558 3508
f 3529 3558 3556
f 3499 3530 3561
f 3530 3488 3559
f 3561 3559 3509
f 3530 3559 3561
f 3508 3562 3557
f 3562 3509 3560
f 3557 3560 3494
f 3562 3560 3557
f 3499 3561 3558
f 3561 3509 3562
f 3558 3562 3508
f 3561 3562 3558
f 3487 3556 3607
f 3556 3508 3609
f 3607 3609 3520
f 3556 3609 3607
f 3508 3557 3620
f 3557 3494 3618
f 3620 3618 3523
f 3557 3618 3620
f 3520 3622 3608
f 3622 3523 3619
f 3608 3619 3497
f 3622 3619 3608
f 3508 3620 3609
f 3620 3523 3622
f 3609 3622 3520
f 3620 3622 3609
f 3487 3607 3624
f 3607 3520 3627
f 3624 3627 3524
f 3607 3627 3624
f 3520 3608 3645
f 3608 3497 3643
f 3645 3643 3528
f 3608 3643 3645
f 3524 3647 3625
f 3647 3528 3644
f 3625 3644 3498
f 3647 3644 3625
f 3520 3645 3627
f 3645 3528 3647
f 3627 3647 3524
f 3645 3647 3627
f 3488 3543 3582
f 3543 3504 3584
f 3582 3584 3515
f 3543 3584 3582
f 3504 3544 3597
f 3544 3492 3595
f 3597 3595 3518
f 3544 3595 3597
f 3515 3599 3583
f 3599 3518 3596
f 3583 3596 3496
f 3599 3596 3583
f 3504 3597 3584
f 3597 3518 3599
f 3584 3599 3515
f 3597 3599 3584
f 3492 3637 3548
f 3637 3527 3640
f 3548 3640 3505
f 3637 3640 3548
f 3527 3638 3642
f 3638 3498 3633
f 3642 3633 3526
f 3638 3633 3642
f 3505 3635 3547
f 3635 3526 3632
f 3547 3632 3491
f 3635 3632 3547
f 3527 3642 3640
f 3642 3526 3635
f 3640 3635 3505
f 3642 3635 3640
f 3498 3644 3629
f 3644 3528 3648
f 3629 3648 3525
f 3644 3648 3629
f 3528 3643 3646
f 3643 3497 3611
f 3646 3611 3521
f 3643 3611 3646
f 3525 3631 3628
f 3631 3521 3610
f 3628 3610 3489
f 3631 3610 3628
f 3528 3646 3648
f 3646 3521 3631
f 3648 3631 3525
f 3646 3631 3648
f 3497 3619 3614
f 3619 3523 3623
f 3614 3623 3522
f 3619 3623 3614
f 3523 3618 3621
f 3618 3494 3564
f 3621 3564 3510
f 3618 3564 3621
f 3522 3616 3613
f 3616 3510 3563
f 3613 3563 3493
f 3616 3563 3613
f 3523 3621 3623
f 3621 3510 3616
f 3623 3616 3522
f 3621 3616 3623
f 3494 3560 3576
f 3560 3509 3578
f 3576 3578 3514
f 3560 3578 3576
f 3509 3559 3567
f 3559 3488 3565
f 3567 3565 3511
f 3559 3565 3567
f 3514 3580 3577
f 3580 3511 3566
f 3577 3566 3495
f 3580 3566 3577
f 3509 3567 3578
f 3567 3511 3580
f 3578 3580 3514
f 3567 3580 3578
f 3490 3586 3536
f 3586 3516 3588
f 3536 3588 3502
f 3586 3588 3536
f 3516 3587 3594
f 3587 3496 3591
f 3594 3591 3517
f 3587 3591 3594
f 3502 3592 3537
f 3592 3517 3590
f 3537 3590 3491
f 3592 3590 3537
f 3516 3594 3588
f 3594 3517 3592
f 3588 3592 3502
f 3594 3592 3588
f 3490 3536 3532
f 3536 3502 3538
f 3532 3538 3500
f 3536 3538 3532
f 3502 3537 3539
f 3537 3491 3534
f 3539 3534 3501
f 3537 3534 3539
f 3500 3535 3531
f 3535 3501 3533
f 3531 3533 3489
f 3535 3533 3531
f 3502 3539 3538
f 3539 3501 3535
f 3538 3535 3500
f 3539 3535 3538
f 3490 3532 3552
f 3532 3500 3554
f 3552 3554 3507
f 3532 3554 3552
f 3500 3531 3551
f 3531 3489 3549
f 3551 3549 3506
f 3531 3549 3551
f 3507 3555 3553
f 3555 3506 3550
f 3553 3550 3493
f 3555 3550 3553
f 3500 3551 3554
f 3551 3506 3555
f 3554 3555 3507
f 3551 3555 3554
f 3490 3552 3568
f 3552 3507 3570
f 3568 3570 3512
f 3552 3570 3568
f 3507 3553 3573
f 3553 3493 3571
f 3573 3571 3513
f 3553 3571 3573
f 3512 3575 3569
f 3575 3513 3572
f 3569 3572 3495
f 3575 3572 3569
f 3507 3573 3570
f 3573 3513 3575
f 3570 3575 3512
f 3573 3575 3570
f 3490 3568 3586
f 3568 3512 3589
f 3586 3589 3516
f 3568 3589 3586
f 3512 3569 3604
f 3569 3495 3601
f 3604 3601 3519
f 3569 3601 3604
f 3516 3606 3587
f 3606 3519 3602
f 3587 3602 3496
f 3606 3602 3587
f 3512 3604 3589
f 3604 3519 3606
f 3589 3606 3516
f 3604 3606 3589
f 3491 3590 3547
f 3590 3517 3593
f 3547 3593 3505
f 3590 3593 3547
f 3517 3591 3600
f 3591 3496 3596
f 3600 3596 3518
f 3591 3596 3600
f 3505 3598 3548
f 3598 3518 3595
f 3548 3595 3492
f 3598 3595 3548
f 3517 3600 3593
f 3600 3518 3598
f 3593 3598 3505
f 3600 3598 3593
f 3489 3533 3628
f 3533 3501 3630
f 3628 3630 3525
f 3533 3630 3628
f 3501 3534 3634
f 3534 3491 3632
f 3634 3632 3526
f 3534 3632 3634
f 3525 3636 3629
f 3636 3526 3633
f 3629 3633 3498
f 3636 3633 3629
f 3501 3634 3630
f 3634 3526 3636
f 3630 3636 3525
f 3634 3636 3630
f 3493 3550 3613
f 3550 3506 3615
f 3613 3615 3522
f 3550 3615 3613
f 3506 3549 3612
f 3549 3489 3610
f 3612 3610 3521
f 3549 3610 3612
f 3522 3617 3614
f 3617 3521 3611
f 3614 3611 3497
f 3617 3611 3614
f 3506 3612 3615
f 3612 3521 3617
f 3615 3617 3522
f 3612 3617 3615
f 3495 3572 3577
f 3572 3513 3581
f 3577 3581 3514
f 3572 3581 3577
f 3513 3571 3574
f 3571 3493 3563
f 3574 3563 3510
f 3571 3563 3574
f 3514 3579 3576
f 3579 3510 3564
f 3576 3564 3494
f 3579 3564 3576
f 3513 3574 3581
f 3574 3510 3579
f 3581 3579 3514
f 3574 3579 3581
f 3496 3602 3583
f 3602 3519 3605
f 3583 3605 3515
f 3602 3605 3583
f 3519 3601 3603
f 3601 3495 3566
f 3603 3566 3511
f 3601 3566 3603
f 3515 3585 3582
f 3585 3511 3565
f 3582 3565 3488
f 3585 3565 3582
f 3519 3603 3605
f 3603 3511 3585
f 3605 3585 3515
f 3603 3585 3605

